INSERT INTO RESTAURANT (ID, NAME)
VALUES ('1', 'პირველი');
INSERT INTO RESTAURANT (ID, NAME)
VALUES ('2', 'მეორე');

INSERT INTO ACCESSIBILITY (ID, ACCESSIBILITY_TIME)
VALUES (1, '12:00');
INSERT INTO ACCESSIBILITY (ID, ACCESSIBILITY_TIME)
VALUES (2, '14:00');
INSERT INTO ACCESSIBILITY (ID, ACCESSIBILITY_TIME)
VALUES (3, '16:00');
INSERT INTO ACCESSIBILITY (ID, ACCESSIBILITY_TIME)
VALUES (4, '18:00');
INSERT INTO ACCESSIBILITY (ID, ACCESSIBILITY_TIME)
VALUES (5, '20:00');
INSERT INTO ACCESSIBILITY (ID, ACCESSIBILITY_TIME)
VALUES (6, '22:00');
INSERT INTO ACCESSIBILITY (ID, ACCESSIBILITY_TIME)
VALUES (7, '00:00');

INSERT INTO TBL_TABLE (ID, SPACE, RESTAURANT_ID)
VALUES ('1', '2', '1');
INSERT INTO TBL_TABLE (ID, SPACE, RESTAURANT_ID)
VALUES ('2', '2', '2');
INSERT INTO TBL_TABLE (ID, SPACE, RESTAURANT_ID)
VALUES ('3', '4', '1');
INSERT INTO TBL_TABLE (ID, SPACE, RESTAURANT_ID)
VALUES ('4', '6', '2');
INSERT INTO TBL_TABLE (ID, SPACE, RESTAURANT_ID)
VALUES ('5', '4', '2');


INSERT INTO ACCESSIBILITY_TABLE (ID, IS_BOOKED, ACCESSIBILITY_ID, TBL_TABLE_ID)
VALUES ('1', 0, '1', '1');
INSERT INTO ACCESSIBILITY_TABLE (ID, IS_BOOKED, ACCESSIBILITY_ID, TBL_TABLE_ID)
VALUES ('2', 0, '2', '1');
INSERT INTO ACCESSIBILITY_TABLE (ID, IS_BOOKED, ACCESSIBILITY_ID, TBL_TABLE_ID)
VALUES ('3', 0, '3', '1');
INSERT INTO ACCESSIBILITY_TABLE (ID, IS_BOOKED, ACCESSIBILITY_ID, TBL_TABLE_ID)
VALUES ('4', 0, '4', '1');
INSERT INTO ACCESSIBILITY_TABLE (ID, IS_BOOKED, ACCESSIBILITY_ID, TBL_TABLE_ID)
VALUES ('5', 0, '5', '1');
INSERT INTO ACCESSIBILITY_TABLE (ID, IS_BOOKED, ACCESSIBILITY_ID, TBL_TABLE_ID)
VALUES ('6', 0, '6', '1');
INSERT INTO ACCESSIBILITY_TABLE (ID, IS_BOOKED, ACCESSIBILITY_ID, TBL_TABLE_ID)
VALUES ('7', 0, '7', '1');
INSERT INTO ACCESSIBILITY_TABLE (ID, IS_BOOKED, ACCESSIBILITY_ID, TBL_TABLE_ID)
VALUES ('8', 0, '1', '2');
INSERT INTO ACCESSIBILITY_TABLE (ID, IS_BOOKED, ACCESSIBILITY_ID, TBL_TABLE_ID)
VALUES ('9', 0, '2', '2');
INSERT INTO ACCESSIBILITY_TABLE (ID, IS_BOOKED, ACCESSIBILITY_ID, TBL_TABLE_ID)
VALUES ('10', 0, '3', '2');
INSERT INTO ACCESSIBILITY_TABLE (ID, IS_BOOKED, ACCESSIBILITY_ID, TBL_TABLE_ID)
VALUES ('11', 0, '4', '2');
INSERT INTO ACCESSIBILITY_TABLE (ID, IS_BOOKED, ACCESSIBILITY_ID, TBL_TABLE_ID)
VALUES ('12', 0, '5', '2');
INSERT INTO ACCESSIBILITY_TABLE (ID, IS_BOOKED, ACCESSIBILITY_ID, TBL_TABLE_ID)
VALUES ('13', 0, '6', '2');
INSERT INTO ACCESSIBILITY_TABLE (ID, IS_BOOKED, ACCESSIBILITY_ID, TBL_TABLE_ID)
VALUES ('14', 0, '7', '2');
INSERT INTO ACCESSIBILITY_TABLE (ID, IS_BOOKED, ACCESSIBILITY_ID, TBL_TABLE_ID)
VALUES ('15', 0, '1', '3');
INSERT INTO ACCESSIBILITY_TABLE (ID, IS_BOOKED, ACCESSIBILITY_ID, TBL_TABLE_ID)
VALUES ('16', 0, '2', '3');
INSERT INTO ACCESSIBILITY_TABLE (ID, IS_BOOKED, ACCESSIBILITY_ID, TBL_TABLE_ID)
VALUES ('17', 0, '3', '3');
INSERT INTO ACCESSIBILITY_TABLE (ID, IS_BOOKED, ACCESSIBILITY_ID, TBL_TABLE_ID)
VALUES ('18', 0, '4', '3');
INSERT INTO ACCESSIBILITY_TABLE (ID, IS_BOOKED, ACCESSIBILITY_ID, TBL_TABLE_ID)
VALUES ('19', 0, '5', '3');
INSERT INTO ACCESSIBILITY_TABLE (ID, IS_BOOKED, ACCESSIBILITY_ID, TBL_TABLE_ID)
VALUES ('20', 0, '6', '3');
INSERT INTO ACCESSIBILITY_TABLE (ID, IS_BOOKED, ACCESSIBILITY_ID, TBL_TABLE_ID)
VALUES ('21', 0, '7', '3');
INSERT INTO ACCESSIBILITY_TABLE (ID, IS_BOOKED, ACCESSIBILITY_ID, TBL_TABLE_ID)
VALUES ('22', 0, '1', '4');
INSERT INTO ACCESSIBILITY_TABLE (ID, IS_BOOKED, ACCESSIBILITY_ID, TBL_TABLE_ID)
VALUES ('23', 0, '2', '4');
INSERT INTO ACCESSIBILITY_TABLE (ID, IS_BOOKED, ACCESSIBILITY_ID, TBL_TABLE_ID)
VALUES ('24', 0, '3', '4');
INSERT INTO ACCESSIBILITY_TABLE (ID, IS_BOOKED, ACCESSIBILITY_ID, TBL_TABLE_ID)
VALUES ('25', 0, '4', '4');
INSERT INTO ACCESSIBILITY_TABLE (ID, IS_BOOKED, ACCESSIBILITY_ID, TBL_TABLE_ID)
VALUES ('26', 0, '5', '4');
INSERT INTO ACCESSIBILITY_TABLE (ID, IS_BOOKED, ACCESSIBILITY_ID, TBL_TABLE_ID)
VALUES ('27', 0, '6', '4');
INSERT INTO ACCESSIBILITY_TABLE (ID, IS_BOOKED, ACCESSIBILITY_ID, TBL_TABLE_ID)
VALUES ('28', 0, '7', '4');
INSERT INTO ACCESSIBILITY_TABLE (ID, IS_BOOKED, ACCESSIBILITY_ID, TBL_TABLE_ID)
VALUES ('29', 0, '1', '5');
INSERT INTO ACCESSIBILITY_TABLE (ID, IS_BOOKED, ACCESSIBILITY_ID, TBL_TABLE_ID)
VALUES ('30', 0, '2', '5');
INSERT INTO ACCESSIBILITY_TABLE (ID, IS_BOOKED, ACCESSIBILITY_ID, TBL_TABLE_ID)
VALUES ('31', 0, '3', '5');
INSERT INTO ACCESSIBILITY_TABLE (ID, IS_BOOKED, ACCESSIBILITY_ID, TBL_TABLE_ID)
VALUES ('32', 0, '4', '5');
INSERT INTO ACCESSIBILITY_TABLE (ID, IS_BOOKED, ACCESSIBILITY_ID, TBL_TABLE_ID)
VALUES ('33', 0, '5', '5');
INSERT INTO ACCESSIBILITY_TABLE (ID, IS_BOOKED, ACCESSIBILITY_ID, TBL_TABLE_ID)
VALUES ('34', 0, '6', '5');
INSERT INTO ACCESSIBILITY_TABLE (ID, IS_BOOKED, ACCESSIBILITY_ID, TBL_TABLE_ID)
VALUES ('35', 0, '7', '5');


INSERT INTO MENU (ID, DISH, PRICE, PHOTO, RESTAURANT_ID)
VALUES (1, 'ცეზარი', 19,
        '/9j/4AAQSkZJRgABAQAAAQABAAD/2wCEAAkGBxITEhUTEhMWFRUWFxgZGBgXGRgXGxceGB0XGhgYGBggHSggGBolHRcXITEhJSkrLi4uFx8zODMtNygtLisBCgoKDg0OGxAQGyslICUyLy0tLS0tLS0rLS0tLS0tLS0tLS0tLS0tLSstLS0tLS0tLS0tLS0tLS0tLS0rLS0tLf/AABEIAM8A8wMBIgACEQEDEQH/xAAcAAACAgMBAQAAAAAAAAAAAAAFBgIEAAEDBwj/xAA7EAABAwIEBAQDBwQBBAMAAAABAgMRACEEBRIxIkFRYQYTcYEykaEjQrHB0eHwFFJi8QczU3KCFWPS/8QAGQEAAgMBAAAAAAAAAAAAAAAAAQIAAwQF/8QAJhEAAgICAgICAgIDAAAAAAAAAAECEQMhEjEEIhNBUWFxgTJCsf/aAAwDAQACEQMRAD8A9jFSFaFSFQJgqQrBW4qEMFSFaqQqEMrcVkVuoQ1W6iViolw1AWdIrCoVwUo1RfxWhXHATG/6/WhKSirYAkXhXNT5quy8lXwma6aTU5Rq7JswrNRqhmDjhhDYIn4l/wBo6etZhcaOL/tNiCs8z260VJPohfArcVjagQCOYn51KKYBGsBNYkg3F63FAJIO1MKFcqygGzqRUSKiDUtVQho1E1OtEVAnM1oipkVEioQ5kVEiuhFRIqEI1lbisqELIqQFaFSqANgVuKjNbg0aISrNVaArJqUCzJNaIrCqozUASJqJNB858QtYeJOtRMaUkEjub2oSfGWpcIbhAMFSiN94gGqZ+Rjg6bJQ0uuhO9aKUrFwCO9A0Y5RVrVdMC6SLf8Arz9q6YXN0rUpKZtfsR1/askvMbl1oZJMhmLX9OsOtmxsU9P2oyX0hIN7gbUFznFJICCBYg/pUcvxetRCiABEAVknlSm0h0azjNdCoUn4rXNul6nrCgkkQ2mAlA3cX0/X/dRDCHHJUnUBtO3rFE/6UFQURsCB0E7x3PWrfGy8LbJJEMI2q61K4j+Hbt+1VMZmixKRBKtut67ZljAOHYdjf0qjkuH1uydk3M/QVH5E8k+MRaGHDNaUpT0FdIqtiselCtNptParddSMovSfQpGKypRWRTkIxWqlFaNQhqsmsrVQhua0RWqyaAbNEVEip1oioE5xWVOKyoQ76TUgkVHXWiumFOk1EqqBNZUASKqo4nNmUfEtM+v49K3muKDbZJ5ykepBrzF3SToUspE/6isXleX8T4rsg0Zv43CNSW0SqLE7CeZFJ2YZu84NTjy1TyBgfIVSz1opNidJiVHn0qu0NKJXc8htXMyeRkydsBgTw6lHhm1rnrFV8RjzKdPCBa34nrXLEP6jxHfpsK4BClnShJUY5XpYR2E9E8L54FNrSpJUlAsed9x33q94exKEqUDzi3PnavOcK87hVgK4dQ2/I04ZEjUpB1EFR3BtAv7G1WTcrSX0SLphbNmSXAU7RJk7HpUctRJ9oJrMZ9otWkEnlzMVJ77JpSQoFxXT7o/WskoO7Zb+w5g8U0BuBA2612bfW4YRYdZmKUg5CQTp17Wq9leJLYUbq5xyt0+dD5najJaAFs0cQjhSkrVEmBJ61XynO0paNoN7/n0tVcYzXxgQsbCSJnlNC8KFYhzQeD2IA/hqz5pc+UNB+ixjceQrVNzsSLfTei2U+Jio6XIPcDbvS7nTbjS0omQkACdvW/KtvOtJMNwr+4zf09KZZp4pNxf8/sVjwzmQUoRcdRzmrWPxQbTJ35Ck7CPlGkpN1bDlztv/ACavMYnzFKU8qQCLEWG30mt+Ly5SjX2BK+jljfErk6W9x8RI+go7kGYl9vUYkGDHPvQ3CZW0p5Tji9RVYJFk8oiOY2pgw2FSgQkR+1W+NDNz5SlaI0TIqJFdIqJFbgEKiama0ahCNarZrVEJk1lZWUCE62K5OPpTuf536VWVjyQShPCPvKICR3JJAj3NNYC/FU8yzVphBW4sCBtzPYCgiM9adc8tDqnlCNQYEpSDzU4YTG9hJrviUNzBblKhF+KR3qjLlUVoaMHIS848TO4jfhSDIQDA+e5NbybCHEKOnSIEkzNMT/hTBuAQlSd/hUR9DNQyzBsYR0nWEIKAOIxKhPETtJH4Vx5YpzlcmFYX9lPHZHoaXJCjFpFqQv6J11xQ8wEAxAma9CzbxKworAUVpgfDb5e96S8Eg+aFylJIVAJgXBiT+lB4+OoiSiDcblZQIvPU2q34fxYbVpQpXECFLSkHbcAnnNTzRlxXlh4kBy6dO3KZJo3kCQykrKeBMhAMEydz2H60Y+vYtiRmbLjitaNSpURBnVbrRnwRjXfOTK/s0WUki9+h60WOMSNSlqABkmwJ67culdslZBIUW9KVcQJuT3J2B7UXm5LS2C9hjG5sSAloaEnfrHc1Swkr4gDA3UQYj1rMze0OpSgcxq257DvV/OcaFuFqdIAFhYdb1TNOSbkWqa6AKcdLiiBMWHpUXc2VJ+LSeQMVbUwlSXFJgeWN+R9+lKysUFKF9KQZPftVCxNsshDm6Qy4TNkJMjUOg3pryrFIUkqCOJRknrHakLAOpakLuDtAmIi34Gm/w3dsGIvN+REWq3HCno2ZPHjGFhPyhi0FtyA6J0KiJH9p62tSy34cc8zjJbSDfmTHL96cG2EquLETcWg9a65ldAXHFZKgOvI/zrV8oc9vv/pilGivi8IgNogAJSBB5+/WaBYvGKbUAoDQtQAIMn1NdvE2JU21o1AFwBIPobkd4mhWCXrATbywTCj+Z9amR09LZW3Q0YaAUrQQentyNHcNmQUYUNPc7ek9a84faDzRbQ64lSVAp0nh5SSnqBO1XMuzBbigw9KkrMaidKgAOZFtxNbsHkWkK3+T0iomhpzVllKUrUBAA31bUMzHxg0AQzLiuuw9Y3NbHkilthuhjNaoT4dzxGIRuA4PiTt7gdKLRTRaatEWyNaqVapiEaypRWVCCKvOlKUAyyT/APa+QT6oaA0pPsKMN4dLyJfUpz1MD2HKhzLiUgrWLJSJFpJ6R3EVdwj6gwpx5IRJOlPRP3R6xf3rLzvtj6K+V4Nlha0sgwYJvPtRRty8/lSac8CXpAtYKI5E9aZGM0Bsazc4liQQxBBAtHcUsZ0gEcZ1jvymmTUFqABiflUl5H8WpYhQiIqWmOsiSPOl5G2R9m7J5CBBHMySKH53lreH0allRUNQva+21NucZc4hcBKlIt8KelpoVmGTh1OkEkTw/rfasbk+TVGWcpC8xnkANmF3+I/cHYRvtRNWM8xSRq4Yj2FLOd5T/Su6SqQqPawN/nVryYRrDggEneDHpzo5I3RXdhEkKdBXCW9zuLCyf1ou3mSG0j7VSiBwpLZAnraTSmxi3DqcJUock8hOxPQV0dS8RKzxbi/Kkj6kDXh90P4tGtRPESNyFEDUb8rCu2YrW/jFstWJWUzaTAg+1qr+E8QoPI0oC4PSCBBmPnXoWEwrWH0rDIDjivii5UqTE78jVsYqUK/ZZCNi+vwziVNqZuNQA12gxFyOlAfE+QHCpZSL/Epah1t/PavWMEy4o6nDHRIt86Wf+RyBhlgyqbAASZvEc6f4ai2asU1CSPLlZjb4oFxy505eD86kBsm+5ty6155hssxDikgN6ZPxL4Uj1JivRPDnh7yilQUh0nVqUCUkEbJA5jnNZ8iUOns1z8iDVDcHElBiQADEG5tvVPIMIVMOqQ8XEOJBSFbpUJ3Pyt2op4ewqG0E8SlKiSqCE2AhHRNp96uOKTrCQR6Db3q6M46swvZ5B44SsPMhbkr8sK0f2Ek2V3t9KYHsXhWcEHyrUonQET8R3IA5RvXf/krw4hxIfQlKXEwCRACxz19SORpFcwshsucVuX4/QVJ1F7DDBLJ0EsDi9SHXU6m4TqAnhJ5wedpqOW4oKJIA9yT770QxiVOYcNhQRq5WPCIm0W/akVGMW24UEkaZBjn3qfGv9TNki06HZIFyVkAb2mPbmKrYfMEJcBUAUXGqLjooDrQc5q4RuCI3gbetcV4oL4RbqOhO1GL2JQbTjlBxTiV8SVcJFvQj1gW71614az5OKQTELSYUJ+o7V4jlAKiRe9+u29HckxasOudZSdwobXGx6/tWrBNxZEz2mtRQ3Jc1S60kqUNVgeUnqBROt6afRYbitVuayjRAC0222LAFW5MWnsOVTxmFQpol4FXM3j2FUlYhlKx5qoEyOQmoPZqHFkhYS0kbGOLvXKnl1Ra0kAMRmCWdXlJCQrdJCTPrIoQMSpa+NRTquTEQBuKG+LcyCnho+GLAbz6VLAoKUanAUqVIAVySNyRXOlzati2H8mzB5bg0QkctV7enOml3GLJB80T0j8L0iZS8CSUqtP8AunTI/LUSkmZ+8IkHpPejBOT4ogUy/NDKW1hRmYUefOD0pc8Q5hKicGkYhX37cCAJ3Mb7WpmXgW2layoqPLVB+QjehwwiiSAAEmTAgD3HetUYySqQHsS8tyL+sLgxKUsj7hQTc85B5dOt6Wc18MPJUWxLgHwrSmRA+tep4koZkWPRO5k+lAW1Yxbo8oHSTckcI7Hn8qLkul2KoinkzEApUDMXt0ttVlrw9wlxOo+n43r0B3wy0sypCkz8UGJJ51cay5gJUjkkAG/Ftaqnild2RwR5X4ezF9GYYduOFS9CjzIPLtXtjmYIIUoykNiSFCI7ivNs6/psHi21rW4PvjS0XRYwSSCIg9Ryq74p8QofQnylHy/v8JSVHlvuN60J8MY9UrRmY+J8S659mstoBsBYkdSYuTVR9LynAVHUDEKIB0k9Tvyoe6oJbS4DaYkXInY/iKng3FoBcSolsji/Q1Unf+RQ2HcbguBLshQUqCO5tNWsrfbUkJgg3m2/v0FUfDywoaCZSZ9jYwfmL1cLoZ0J31qgwNu56X/OlnCMtjwew/l6ADElVtq6Y91LYuEibd6psrCSAbKJ3/SoY8pVwpMrkHUeUfhes7dIvRDNENvtKbWrhJETuIvM0iKCFOaUuJUEqiRsY6fhRjxli1HCPJUIVHpzE+tJ+R4oJTB2Aty+VPKXKFnR8L7GDEIBOxO4SbAifT+WreK/4/BQlwAOuHiOkgJj+26hq9a4rfRNomLRce/eBTN4ZzMhBaUQUxAKvu9Z7GrfHmn6yB5njcvdC7gMqLKlBTaW9SSFBUkEHkLke9VMTkrTLY8uSI4ryon/ACPT0p0x+WvF37LQlvSLqE3vaKT81dW24pJSnUkxKRCSfWImlyKcNbo5jjoHjDpaI+zWrUmAAdJQSLSabco8MoQhKlIlYE81BPPhk0qYPGiNa1GUrClGJkTcfzpTtg8epCiAeEiQd7coo82lUiukdnMMoRFimFSO14jrRNedOOJsAgRxHn86AYjMn1uaUuKI2MwkWvflRHBrTKd4PM7D3oRyOL4wb2NQzZY8S0gqImP9fSK1VR3GpSdMbVuuks6SqwCVm2VuP/8AVXpAMghEj3hVC84y1zD4ZSk/axJlHeIlPICmxLWg6ETbaJNu9WGkCYPpKZBiufKPJ+wzbvZ49k2GWoh9Z0gGQDuo9Y5AUXcc4TMmbfsKbcz8LISJbc3NkkWHWOlLOYYNaDqRBCSJJMfvSzjKT6GSssZUhKUkKVCiRCZ0xPU9aafD2MaZQ55i0atVhIB26/KkHNsCptXmFQWg3TCo1DvY2pbxGYJPxSO+4+dW44OLtIHxzW2fQTuLadCVzsOoO9UlYlbhhsKA5D8z1rx3KPEL7MeWrUn+03Ht0r0Xwv49Zdc0vAMnTaIAUZHPeaMuUnvQA4nABJ1OXJ3H6mi+VlMb2Jty2qli3UkyhZKTFwZq0yE6RN5gDsPX+b1IKpaBYSfxIkJFyRI7UKzNIQAqN/bbYVmY5mlDgQ3OoC55X2Hf0qr4lPCibEzPyHKrM1OMv0BsonFKIKQqxvEChGe5W28gkrDJSSs8NlnvBtz29a6YZZ1QDJ2A5zUMTiS6ClIuNu5H8NYoT/sMJNdCU5iHEa2HEwFAW77hQ+VWPDziyvyrFK+FWrp1Hf8AaimLyNaHk+aZSsCDsUxcpIqjnmD8h0eWoEHiB+vKrnpiTik9DJ4YSG1vNf2neNxY3Pt9aBZpmj6sWS3ZKVQkja2/1o03idLanXOFWnluT1FKyX3DpCAEoB58+Z9TUk66I+j1TCOghBEGb39K5ZxiFSQgBRgTBiAOdVcslWgQTYGRytXXGFELCUqA1Xj86zTerNCB+eYJL+HU2+SOEkD+07g6pvfka8nwDhjqCPx/n0r111QSlTTnECAL70iveCwiBhXS5YDQ4AlU84ItHSrISjxabNODLweyrh8QUAWB/KfztvRBvNhqHDMfXmNR5wavL8GuBtSkPIW4kaltQQY/xUfigdr0vYNhROkA3NK1W0dGGaE1Z6NkGcl1SWlyFGCkn7wTf+elGMawguaYnWCSDf1/GgHhLCKSUuEhatOnY8Iv8N4nqa6+ORowpUoq1606dO59e1b+LeL2OTn4ufr0L2f5I3KUNJ8oEkugyIiwAnv0qOHxzbCFBxw/Zp4R8WsTsO4obhHFOrUh0EnbSRb67CiuBw0EtLaR5eomIiCY2PI1hcrexn4jatMNstIcbQ4iCFpCvn1raH9KygiEqFug6H51rL1IQryrxcp//PerD+LQVJVa20xv0PSqWq2iiUXF0zsy+kpBj+c6ygjuMTJuN/7a1U+diFjw5nDq9a5HxbRsI+tHFZyk2cRfaR+lBMJli8MpSgrzEqixTEfKxorgmNaiVqTMAxsB+9dPadWGW2WsSwhxIKTq7+lKGOCCVIA66vQU2uYFtPF54A2m0CeW9BcTgcMQoNvcXMoRq9jHKpKI0ZUed45lBMiQfUx8qDJwJUoJi/U8qfcZ4fJAXqCgPvaVJPuCKFtpS1HmJ4QuZG5JJgq6x+VGuKtGvHPk9ljA+Bk6ARIVBJH69KWXsMhLkLvpVBjmRtXr+SYmbFNlExHF7AcppH/5By5DLpWGg0lVxJTqcUTxGJsBaw60qi2rspzpJgLB526hzUlZHQcvcbRXp+TeM2fKkhIcIumYPTp2ryHGlpSh5Kj8IsqJCouO9RRiJ57fy1RRceilQcvo9RVizd2bTPWififHB5tstgkj2pByDNltDSLpVEg7+qehvTnjMY04hkMggwdyNuc3me5qm/Vr8lTi0CkOkLujeDJtEAiLd6snBKYcSbhC+JBNx/4k9f1rScOC6kAyJOr5yKc8IlK0Foj/ACSTyI/n40sIOWuvwGCfYuZxiS80pKxoLcK1DrytQFjDedpXMwOewV1NNeaZd57ejzPK3mwMkR8V/X5154jF+X5zQcmCU60XSTMSL7xNWST7Y0kghmWJWSEynQBBJIueoFccI0gJ4TrVq+8TAHMgfKuCCnRp0hQtc7wJ/Ga75Nh0FXEu3Q1Wot9AjDkxvybHlANohO81j2YpIkrAF7fFfr3oRjlNtFGhCnXCDpCZKYIgk9IHahaXFH4xAAgDbblVeXx5KF2aKpWNyC2oIheqw4jvyt9K0lCEqueKfWgGExiUjiufoBW8N52JcKWrDmo7JFVcfpFaTYypzRhpcrITKSNZHfY/SquDOFcKgzpUpNiB+XWu/wD8MhIgFaYFzeVT1O0fpS5iG/KdlBCTPxpgEdNQ+8P3rowgowSZ0sfi84UuxnDhw6daUKWnmExI6+3OumGzFrEKC0KhYBsRMR2oenxD5SEF9GqRdbYsOXEnp3FJ+UZiW8W4luVIKyUKTMEc57UW2v4MeTDOPaH5LS1OqKwL7R2tNWw2SRt3qu095hCkDkKKs4RRF4FUxg2JtFNaU8wD6ikjNsUUuuBPW5O/X5U/YvDgc55Up+PGwXGEITxaCVEbmSAkfQ0MuP12Ixd1A3P51qiLeUmBWqy1+haQ35jm2ps2CQqQNRAPYjv9aT8yxLtlynTrCYCiFGefSKh4jwWLUpDhFpASjcpM/EroKtY1A8sNLWTMyDHDIkQPW1dHMrkVNsvF5Ya0idEjVMESb2JvVjL8xLaNKAB978hPyNC8E2lnBstpOqCsk9ZJO/W8fKuqH0JQALX3O8G23OKon6yu/ol0c8ZmGKf1JbJJjkAfUR8/lXn+ZOPW1JVYRzuQTIvz/CvSmMVoCkpUQnfgFz/4mKWcbhZlxS0ueYpR5ktyZkf2q6+9NjnSuVseORx6FvBZ5jEOISjUmSAmTETteteIV4l10nGKUVpEAquALkBJ6b0WXlrXllanFKX0SmSmNjNrmmX+pbxeEUwsp/qEJuLSdN0q6E7THOr4Si/0SU3Ps8rQlMgdeffnVx9ghKSDcbgWtUnGG0qvN7A9D37b0TwuGBEHeLjpQnJo24Mtwo44F8lHDukCxn8Yq9gMyMgHhJtI71tvBaEhaSFTGoHkR+UVTy/AvLdKm0FQC9yDG+87RWdpPYvkRS2h2wDpTplV+puT602ZdjggEkzzJ5ADelrDZOtZ0oCjbe0A8xej2E8JvLQUOqTpIIiSfyvTY4Se4me0XM3SkQsfCoyfoJHqKTPEuaMlGnSCmZgCDPW350/o8Oq/p0MrelSYGsJ3A2tPSKCZ14FbcSZdWD1AT+lXvDMVtHl2FbLrnmMu3SYKFchzFFMuw6w5DyCk9dwr0NVs/wDBaGHU/wBO6pJF1alTPUgiLxyovkmeKSfJxSNSTsqPkT+oqNRX2PCX0Wcxwi1phpRSoDhIMTJ2Jm2xoHhA9P2qiSlZjuDz63vv0prx+WKUj7FyGzeBvJ6nmAK45TkgYaK3LwJE8ySfrMVRmyUuKLJT1QNcaUSG0iVGJ/JPoKf8nwKWWwAka91Hqe/4VU8J5cjQXVqGs/DFonffer6SHFQOR3Fgf1H6VMGKvZ/Zdghe2dcXiQApRWE2jqKWMKiVal3HIkbHe1F8Vi1cSVJEbfLnHOqOD4VaRA6z77dfer32dCHpFlLOFyNBgpA02FJeYYVLSgoDckJB+9B509OaUqV0N4oFi2fNxCUaJAk+pJG3yNGOrA8qS0dfDIfNwNAPaLfnTajGubBU/hVpbISlLYA1wCT07elQbUkT5jZBjdNprNNNvsw5vKlk+iGFUVGSSf3rlicIF4layJgBI/8AUR+M1ew6m0XVAgSB1NRy9OrcXP507XrRkbOIy+so4ls/2/Ssqn4JfsB5tgs2CtQJUFKMjUZAncT0odiFgeap5WgpB5apHIJB3FUMqxqCePV5ifSCOoohilocSlJQFcRMqA6bCjLJKP8AltFTiAU56pKEOIEsyQtKjoIiQFJO0kdAdqcFZSt9tL6VJCYvfqZkdiDNW15LhcRh223USlMkAKKPXaujWWpaQhtsq0IgJSSTIiAFdYgVZKUJJOgUA8el1pH2ZJ1ggqG9vujoDa9IOYh9K5EpgzG2/XrTj4wzR/DqJaTKjzEaUm0SmktrNXHNSl/HsoRuORA5R2qzErVjY426Y05Zi2l7GCd0Gx7x1qbJ8t4PJbJ0Sfba5pIIU64AyFap9L/rTuzi3WERiUxIGo3hQ/yqqeJ42miyeFraAmMcDil8JSFEqCQZE9dr+lWMldJKA4qEAwTEmOZ77bVbxWFQpBcaCVbEQq/sOYqrl2HKioRBHa17703LlHYuJtSHXBtNJT9mTc8zINuldlZi0tJCnFNcoCSfkRS1g3CgQdxtVhlckkj2rE1+S2V3bPQcmzVhtlJJiEwSrcxaT3NVXv8AkFjVpRJA5kH8KANqSW4BNjNUU+H2lqJMjUbx+XStK8qSXF9CpL7GRXjtKzpRqJ9IuTHOuvifNn0NIbYbLrrx0pJNhYyo9EikvIMkdYxut1J8lGogyDq/tt8j7Vczvx+hh5wNtJWvTBMkBMXA/WIq1TbdJ2LJlvC+FlJSp991TzyRq0psm33QN1VEYcuNF5ai600CVCDrSIBJ6wmNhypcy/xC8tKVrVC1KMBNoG8m/UimrJvFx0KCxrgEEkCDNoPXe9HV7F0KGX5u647DBUG03UkyLd+m1enNw55fmCEAAkC8mLD60Nwfh/ywFtlDbSuNegCDPISJI2vWsszhK1LSknSFkDbYC4B5ifxoSwq7LsHvKmMK2ieFJGnl6dJFDMbjdBhKthsAN+QntVbOM+Q23oSCpxW1vS5E9OdLjGLFkkWBUDJKlD22mrJOK0djFilVvoOuvrI1FJJCf91IupuVqv0iuLGMEy7GmJA5+46VTxmJ1EBpA3vJgEVEgSd6O2ZuiLGZEyOlqKZDgNX24E6BARz/AN0tpZCgbk6bkDYdAO1veinhnGuJIKZ0n4u5POkyTUdMwZppaQ15ewq617kyf0q5jWNaOGJG0ia0HdSbdL12aaMbx61mTbdIygHC5Q6pcuET/jTPgsElAsL1xQ6UG0Ec/wBjRRJBEjnXU8fi4/sRkKypRWVqAfPzmVaSFlWm9xFymYMV2edIPLtF/eiL2GcSkpWmYMA9uU1UQwkkE7E7j8I6VxHFyTQGGcix2ySRf60wFWkExYfjSohbTWlRWkieW/tVrEeIWidKVHeSDz96THcVTFZUzDBFbh1AGT+NCM18GoUpKkr8szumFR6ibUwO5pCJ0hRJiAQYHWfyrjgnVO4j7VQRCbRF56ctpqRi4O0yKyTHhsIUHGk6lAQo7lU31Hveu2Ly554w7ZsAcJTBV2nePSK4YzGvMlQaWYJ5gfL0q3hM5W4ga0zA3HLrUU5y0i9tvsr4Tw1g0HibWiALIWsJX6ybGruJawwQlDDem8lXPaI6nlepKzAuJSNRUE94Iqg8sA8we80J5Z/gMfV2L2LzJBcKVJMHhE2Mz8Q7VWyvMClRQq6QSL7iPxrr4idDm6uJItFyR0oVlmIQgkOJJHbr3p0lKPRqjxktj1gHkgg8j8qvkKBMbcvSlPDY1KRwqkD4k/pXXBZ+86oJTGhM6jEH/wAQapeKRTLHWyz4oz10OeSw3KigErJsO8be5pEayXEOKOltSyZvb3vNemJwoW0VqFjAsNwDRLJ8PptED+fIVoxz+NaWzPKNsS8v/wCP8eUJjyzafjjTGwNvwrviMO6x5bTidEEatj8POfenrFZynDjUpQAH17Abmk/HhWYvlRV5TZiFRMkCI7Tc03yRatiuH4HF59TzCfLUEtRpIIvGxI70h4DMVIdU21CUCUhRuQAYJjmZphxuYrwraBq81MaQpQAgjYWFK/nqXJ0XUq5AvM9KsnlUlo2+ElHJykE2gbqkrUeZ3PairGXADUnTrMcIBJ735VUwxCBDiRInUFWttvRLLsRpTwyDBle/cAA7DlUhFds6mXI69Tti2UpCXHWoIIgA725ihzuIIUVIIldgkCIB6DlyvXDNsaSUKccQB/bJJPUwNveu+aNtIZSrWEhV9YI+9FvQDl60XkS6MGTLGC29kMbmBgpG5P2hA+IjlPQR9KseDm1KdKhIQkQZvM7fhQ/LcpLquE8P3lExI/xF/rT/AJUGm0hCBCY58/3rM5OT9jnO5Stl4KAgT7CoYvMG2xCjv2k1Qx2OZRYET0Bk/KhrGHU6rURTwg5OkO2FsPi1uK4RCe+5pnw6uEULyvA6aMARXTw4+KENVlZWVeQWs0bbO4E157mmFS2pWhdlEWMWPY96dM5CoMV5b4lcXJBqqeOLXQpB9tSVFJkxtXHyjqEwmeZuPlS8jGrbVq36zRNGZpUkEAlUQRFp9elc6WCUXaJQa/pEiVKWSP8AHhmu+HCluoWlKikG6lKMWH+qV8OtxSiLydh+gouxjcQhOkpJHKPzFVTg1oZDBjHCtUqPv+Qq3lRQtCkHdNwO1Krb+KXYJj2/M1NhjFenI7iqoeg1jHg8Ugr0zpnaRY+p5VDGYsJWpKolJvFCW8petqNz0qy14dWqZKpA5GmWZ9EshmeZNH7I4bWsjhVIBFvikCY33pRzxJa0wklKhZZ2J6DpFOK8ocZh3/qAJvuVJTN4HOqDOkpKFEKQTAB5yduyhV0ZrtkeRroV8hy3EYtyEkpbTdatgO3c095NgEvS0zKGkfE5F1ntPL/dXsLhENNhrZsbBIkrJvc8zRrAlUaUJCCTAHMiw25QKbNkTWgcmzo3gCoJYQRpEX52q7meA8hslClFcbHn61eShGFTJ4lq+dUcU6XeI+p7DpVEnxVPsjdHlmIW86+rzgdSfuxEDsO/WjeX4Sf+m5Fpir+dLCeMJ1KSoHvpvqB9iKjnGD8pxK2zLbgChF4POi48ochomY/ArcZLWxmQe4m/pV1rJm0NB1UhUXSm5Kug96jgcUDuqPWjOHK0kQoEAzypccnAsi6eykz4dfcOtwpOi6W54Rzg/wBx71a/owrVqbhOmCRyP5xaj2HxcjcdTyqslStTgCY4SZ5GRsOtankj9Gh5zyfxfi2wsNtIBKTdX5Cga8W6tsNEkoBkDffvXpTXgRkD7RZKtyUkb9xWJ8KIST5fLqKrWSKMk3ydil4dx77PCgSn+07Uy4c4t0zKkg8kmBR3I8jQDpXBPXrThhMuSkbVZjxxyewmxXyXw6d1U24XAJSNqtIQBtUq3QxqK0AxKQK3NarKtRDK3WprdEgBx2E1Ck7PcjCptXoTiKpYjCA1AHh2ZeG1SYFBVZc4wrVBjnXu7+VJNV3chQoQQCKVwTAeeZdl7WKblHC4m9tx0INd8ixaWnP6fGCf+2s7m/wq796Yh4QOHdD+GIBG6CeFQ6dqWfEbC3nbI0rAJFxy37Vgz4Pp/wBDp6G5vCtXSCEkbDb/AHXFzCoJCQYJHS371W8O4hTzcOplQOlREb9aIIy7UopKyYmO3auU8ck6YxWWyCZ1pSekGiCsMUtkzf1mfpaqOZJU0gKBHfmeX60qZhnjzqg2xxKMDihI6bUYwfKkhWxidzhKLRt1v60uY3Jip4HDEELEqvZCibiiiPDZbSk4hyVm5CZ0jt3o/lrCUQlCIBM7zVsIuLqxXs6eHsiLaR5p1KmZVt7UyJ8tAK9I1DnQpD5LoEWSKrY/EkJWOSLne53q9NQRCvnGKWtSiR6X2A6etTcxSBfnpAA6QN6VD4pZWstqKrKkmPi7e0UWVjW3gBe8QedZn3v7AW8JgUvLnp+JolispUcOlKQNTazHcXt8j9K7+FcEElUXFrnmb0xFq3/sK6eKCliWhkeXYvCqbJK21D0uPmKj/wDMoBBKFptvH8NenYvAJVuKAZh4bQrcUsvEX0NzYrK8TgD7PjPIEGB6mumFzd9USEj0FER4bSk2SD22q2zlaeSD8x+tZ34rQeVlVt9R3Pyq+xjo+6D3NW2cvT/afp+tdkZNeovFkBspDElSgQkR2pqy5UieK/UzHpXLBZclI2q+lIG1bvHwcNi9myK1WE1oGtZDZNZWjUSqiQlWVCa1UIf/2Q==', '1');
INSERT INTO MENU (ID, DISH, PRICE, PHOTO, RESTAURANT_ID)
VALUES (2, 'ტვიში', 65.55,
        '/9j/4AAQSkZJRgABAQEASABIAAD/2wCEAAgGBgcGBQgHBwcJCQgKDBQNDAsLDBkSEw8UHRofHh0aHBwgJC4nICIsIxwcKDcpLDAxNDQ0Hyc5PTgyPC4zNDIBCQkJDAsMGA0NGDIhHCEyMjIyMjIyMjIyMjIyMjIyMjIyMjIyMjIyMjIyMjIyMjIyMjIyMjIyMjIyMjIyMjIyMv/AABEIANwA3AMBIgACEQEDEQH/xAGiAAABBQEBAQEBAQAAAAAAAAAAAQIDBAUGBwgJCgsQAAIBAwMCBAMFBQQEAAABfQECAwAEEQUSITFBBhNRYQcicRQygZGhCCNCscEVUtHwJDNicoIJChYXGBkaJSYnKCkqNDU2Nzg5OkNERUZHSElKU1RVVldYWVpjZGVmZ2hpanN0dXZ3eHl6g4SFhoeIiYqSk5SVlpeYmZqio6Slpqeoqaqys7S1tre4ubrCw8TFxsfIycrS09TV1tfY2drh4uPk5ebn6Onq8fLz9PX29/j5+gEAAwEBAQEBAQEBAQAAAAAAAAECAwQFBgcICQoLEQACAQIEBAMEBwUEBAABAncAAQIDEQQFITEGEkFRB2FxEyIygQgUQpGhscEJIzNS8BVictEKFiQ04SXxFxgZGiYnKCkqNTY3ODk6Q0RFRkdISUpTVFVWV1hZWmNkZWZnaGlqc3R1dnd4eXqCg4SFhoeIiYqSk5SVlpeYmZqio6Slpqeoqaqys7S1tre4ubrCw8TFxsfIycrS09TV1tfY2dri4+Tl5ufo6ery8/T19vf4+fr/2gAMAwEAAhEDEQA/APf6KKKACiiigAooooAKKKKACiiigAooooA5Lxl40HhiW2tYbYT3Vwpcb2wqqOMnHXmuEk+LOvFjtgsV56eWx/8AZqufF+GSPWtFugvyOjxZ9wQf615hdGVZnAUcE1wVqk1UaTPpsuwmHnQUpRu2eiw/GXUreRftmn2k0efm8osjY9skivX7G7i1Cwt7yHPlTxrKmeuCMivka7klIxt6+lfV+gWz2fh3TLaQYeK1jRh6EKAa2w8pSvzM4M1oUaTj7NWuaNFFFdJ5AUUUUAFFFFABRRRQAUUUUAFFFFABRRRQAUUUUAFFFFABRRRQAUUUUAFFFFAHmnxhH+haMfS5b/0GvJbs4uJOO5r1/wCL6Z0bS5P7t4B+an/CvH7/AP4+Zfqa83E/xT6rKX/sy+ZmSANcRD1dR+tfXCDCKPavkZeb63X1lUfqK+uh0rowuzPPzl+/H5hRRRXUeKFFFFABRRRQAUUUUAFFFFABRRRQAUUUUAFFFFABRRRQAUUUUAFFFFABRRRQB5/8XR/xTVi3pfJ/6C1eL6gcXMn1r2j4wskXgyKZ2CrHexEk9uGH9a8K1S9hS5cM4B9DXn4mL9pc+iyutCFC0nbUit+dUsx6zp/6EK+uq+P9JuoLrxHplukql5LuJQPq4r7ArowyaTucWaVIznHldwoooroPKCiiigAooooAKKKKACiiigAooooAKKKKACiiigAooooAKKKKACiiigAooooA86+Nwz8Nrg+lzCf/AB6vnjxCQNRk+i/+givob43sF+GlyO7XEIH/AH1XzF4nZv7alGey/wDoIrKcOZo0jKyLng4b/iBoI/6iEH/oYr7Xr4i8Dv5fjvQHY8C/g/8AQxX27WiViG7hRRRTEFFFFABRRRQAUUUUAFFFFABRRRQAUUUUAFFFFABRRRQAUUUUAFFFFABRRRQB5Z8ebkJ4KsrXPzXGoRgD2AY/4V83eJGB1y4x2YD9BXunx4vRNrXhvSgfus9ww+pAH8jXgutNv1e6b/poaXUroM0i4+x61Y3I/wCWNwkn5MDX3YrB0DKcgjIr4HBwwPoa+3fB2ojVvBmjXwbcZbSMsf8AaCgH9QaYjcooooEFFFFABRRRQAUUUUAFFFFABRRRQAUUUUAFFFFABRRRQAUUUUAFFFFABRRVDW9Ui0TQ73U5iNltC0hz3IHA/E4FAHzn8RNTGs/F27KtmKxUQL7bRz/48TXleoNvvpm9XJ/Wuk025kur/UNQnYtLJudmPck5NctM26Zj70luU9iLFfUvwE1n+0PALWDNmTT7hkx/sN8w/Ut+VfLler/APxCNL8bPpkr4h1KIoM/89F5X+o/GmI+oKKKKBBRRRQAUUUUAFFFFABRRRQAUUUUAFFFFABRRRQAUUUUAFFFFABRRRQAV4/8AHrxILPQrbQYXxLdt5swHaNTwPxP/AKDXsBIAyTgCvkT4ha63ifxze3SsWi8zyoR/sLwP8fxoGZdov2fRZpDwXBrlWbLE12OugWekRwjjIxXGUkNjwauaVqE2lara39uxWa3lWRCOxBzVDNOpkn3P4f1iDX9AstVtyPLuYg+B/Ce4/A5FaVeJ/s9eIzc6Re6DM+Wt28+EH+6eGH54/OvbKBhRRRQIKKKKACiiigAooooAKKKKACiiigAooooAKKKKACiiigAooooA5vx7q/8AYngjVLxW2yeSY4/95vlH88/hXyfo0X2vWFJ5AO417z8fNTNv4ZsbBWwbiYyMPZR/i1eLeEId08spHQYFKWxS3KnjKXE6Qj+Fa5LNb/iubzNXlHocVz5prYT3FHanjpUYp46UCO8+EWuHRPiBp7s2Ip38iT6Nx/PBr6+r4P0+4a1v4JlOGRwQa+4tFvhqWiWN6pyJ4Ek/EgZoGXqKKKBBRRRQAUUUUAFFFFABRRRQAUUUUAFFFFABRRRQAUUUUAFFFFAHz1+0Del9fsbQHiK2zj3Zj/gK43wigWyd/Vq7H4yeHNd1nxlLcafplxdW6xogaIbuQOeOvesPQfDmuWmnBJtIvo354aBs/wAqiTRcUzzjXpPM1WY/7RrMxxXRan4Z19rqRv7E1Lljz9kf/Cs4+HtbXro2oj62r/4VZJm04GtD/hHta7aPqB/7dX/wpf8AhHNdPTRdRP8A26v/AIUXAzg2GB9K+yPhTem++HGkuTkxo0Z/Bj/TFfJieFfEMnCaFqRP/Xq/+FfUPwWgu7LwBHaXsEkE8c7ZjkXDAEDHFFwPRaKKKBBRRRQAUUUUAFFFFABRRRQAUUUUAFFFFABRRRQAUUUUAFFFFAHH6xdraXs8jMigybcvnHT2p8E1w+3MShDzuD9qddBX1C5DAMPMPUZqRRgCuN/EdSelrEm4+ppNzY6mqc14zJcC2RmlgdQ6leo4Jx+FLtuftkrg/uWi+UE9G+n51ZBYZie5/OonY+p/OoYhcQpbRSSGU4YyykfkPbr+lJFcLdQ+aisEJIUt/EPUexpjIJ+h61reE2JhvF4wJFx+VZE/Q1r+FP8AVXf++v8AI04fEKfwnRilpo606tzAKKKKACiiigAooooAKKKKACiiigAooooAKKKKACiiigAooooA5Sb/AJCFx/10b+dJNM8KqywvKucME6geuO9I/N9cH1kb+dRyxK97DJ5k6sgOAuQjf71cnU6ehLNcW9sGkmdYxgbnPYdsmqqXtvHFvhmNyZmLIqt0x169B9aZqEqLp7FyBHkEMOMt1HzE89Kw5zdi4mlk3WSSRmMtCwfbJgHdggcEED+dWiToE1KB1t2YiNbj/V7mGSfTFSSoymPy2RIlzuXb2xxj0rmHhkukS1e1WEtKEeTglQBlAB0A4IBB45rYkimk3QSBp7bysOC/z7xgj060ASzEMuQQQRwRWt4U6Xg9GX+tYse77JHvhMLYx5e7dt/Gtjwqf3t6P9w/zpw+IJ/CdMOtLSDrS1uYBRRRQAUUUUAFFFFABRRRQAUUUUAFFFFABRRRQAUUUUAFFFFAHJf8vM3/AF0b+dRyQ3T3sEkdwEt1B8yMrnf6U5f+PiU/7bfzqR4/NiZN7Jn+JTgiuNbnSUdUaONI5LhDLtfJVV3bAQQCB3OTn8DVGeOeWa3k3+VG7OrCcYV8JgZB5GeT+ArUuXWW4Ns0TBFUO8xA2jHOD+BpkcAu2nF0DNE+Wjyw2bD2AH9fWtESYl7A0doZBdO8hwGyeFwSoIx1U8g/Wte6j320qtE7gDbsU/MPo3cVQWxuAHhvLtRHCySRiJRuljXqGHJP59+laTwxXQgmhnkCxnI8t8KwHYjvQBDgCBMb8bQfn+9+PvWr4WP+lXg/2UPT3NZk0iYY7hxkGtDwowe7u2U8bAPyJpw+IJfCdSOtOpB1pa3MAooooAKKKKACiiigAooooAKKKKACiiigAooooAKKKKACiiigDjo2zI/+8f51ZWvMpfihHpOoT2t/pcjiORlEkDjnB9D/AI1rwfFTw28QeRruEYyd0OcfkTXNyST2N+ZM7SaJZ4XiYsA4wSpwaqyabE8kjhioe3NuAP4Vrm0+KXhB+uqFf96CQf0qQfE3wcw/5DkI+sbj/wBlp2YXR0MVmqG3d3Z5YU2bum76j86dLEvleWn7tR0CDGK5lviZ4QHTWoj9Ef8A+JqtN8UvCKjjUmf/AHYHP9KdmF0a1/IkcrYXzO7bpVCjPbH4DtW/4Vx9pnwAMxg4H1rzWf4seHFY+RDdzMe6whc/mRXV/DPxOPEuoXzx2jW8UcQxubJOT+lVFSvqTJqx6QOtOpAKWtTIKKKKACiiigAooooAKKKKACiiigAooooAKKKKACiiigAooooA+bviX4Q1PS9dvLpbOaSxmkMkc8aFlAJzgkdCPevOzLtUoT7Yr7VrNvPD2i6gSbzSLC4J6mW3Rj+ZFMZ8ZFQe1M8selfXE3w18GTkl/DtiM/3EK/yIqufhT4HJ/5F+D8JZB/7NTuI+UBGPSlCD0r6vX4VeCFOR4fg/GSQ/wA2q7b/AA+8IWxzF4d07P8AtQBv55ouB8mWdu9xMscUbO5OAqLkn8BX0l8JPDF5oWiXFzfwNBNdFdkbjDBBnkjtnNd5aadY2C7bOzt7dfSGJU/kKs0mwCiiikAUUUUAFFFFABRRRQAUUUUAf//Z', '1');
INSERT INTO MENU (ID, DISH, PRICE, PHOTO, RESTAURANT_ID)
VALUES (3, 'ხინკალი', 1,
        '/9j/4AAQSkZJRgABAQAAAQABAAD/2wCEAAkGBwsLCgYLBgsHCAYHBwoHBwcHBxsICQcWIB0iIiAdHx8kKDQsJCYxJx8fLTEtMTU3Ojo6IyszODM4NzQtLisBCgoKDg0ODxAQDysZFRkrKysrKys3LTc3LSs3Kzc3LSsrNysrKzcrLSs3LS0rKysrKystKy03KystKystKystK//AABEIALcBEwMBIgACEQEDEQH/xAAbAAABBQEBAAAAAAAAAAAAAAAFAAECAwQGB//EAEoQAAECBAMDBBAEAwYGAwAAAAIAAwEEEiIFEzIRQlIhI2JyBhQxM0FDUWFxgYKRkqHB0VNjsfCy4fEHJJOis/IVNERzg8IWJdL/xAAYAQADAQEAAAAAAAAAAAAAAAAAAQIDBP/EACIRAAICAgMAAgMBAAAAAAAAAAABAhEhMQMSQVFhE0JxIv/aAAwDAQACEQMRAD8A9xSSSQAkkk2xAC2pJtqrN4UAWRJRifmiqK3C0DT109Bb7nwIAROucIKMSdj3CbTRY6RqUQId5AiGVVrI00GR4VphBNEbkAUwEtwQFWQEuJJwxG41SM3vGJi3xpdkh0y/Z0lJNCNWhNVT0kxDwikUU0fhSgXBegCUOqokSaMeMvYBKHQH2zQBKlVl1k5U75VdAEthbg0IAeApFpUbeIyUhq4aQQBTtEtGvgSgRCrBIRLiPoJnBp6daAHGYJWDMCs8IdGlOTZD0kDNMHhVkIrIBK2Le8CAL0lULnGrIRQA6SSZADpKNSZAE021Um4q6iLRb10AXxcUMyrQqoNCWsqlYMBQIhECLWVIdBTEKdCdNFAD7akoxTRtSjGn20APFIo2pCNKjXTrJAEo7iUdXQWd2ZbpqQ6axXdBZy5IxLjBsqxCepdMT41knMSzW8tkjaO2gw8yxzZkZGSwbSFccpyOlQR3OHv5rAEZdA/StMIluDSHGa4eTmrguMcg6wvjTtRyOLOlkW1Aeug11Q5k1kwlxtPAb+MjSj0yo6AIdHFNg74+wk3irfF8a17IzphGHQH2zTFHjKvoAsozzZayAlaMyOkLQ407AuupsEBTQp6bqhA2+t11YNXE2PUQIQxLoNKMIjVvuphpq0mXTNSjVvkDQdBAD3cICCicRqvIy6AJipq33TUyq6AIAeNW4NPXTFpvc+BM5EabyMuonHTY38aAEMRIbBMk7dQj/wCicaqbyBQbgPFUgZaJwjrGlKkoaFUMejSHwKYwp0IAnmcQpxcGPcVeby0kPwJbBJAF+xJU7C6aSAKxCklMlCBDVqSjHomgRIoj1UokNOpMVXCldwtoAVY06kwm2O8qJ16kdzp0IBMPlSeQ6YHudxYz5erNIcfY6WLohcZLBMYy2Oi5BZp2pukFjbl3D3fgTjydtA4ddhOax1wtClKk6Y5syVIbgfiKhjCyAgzxOjWtjzDh71AKZya0VFJmXEZ6lt8r6GAIrEFDFBJrn2zaM77/ADronBbabp4/icQh/C3HXAtZaCirnvJ54Lnae/TZNaMkpBycrGqiROw6LHeTl5Iq3FJchbNxisAACo/MWjDG22HDYByszMir/Ej5lpxsqWMvoIq45C/9YOXwicJ1vporKvkI3lfvrmmTJqZ663zLhNkBBv8A6rOLNJLJ07M6JWmqTbbF3MvHoV2uIHLPlxLeEyRkDZiGRdWddzcfBsWimyHAOsA2Y2KcZch0EazSJtywzDky4AygBU88Z2twVr+KNjQTNBB16/dsW/5Eo5MOjbwTqfHQVSmM+4OttVt4gLg1BbxpRccK4NCPzfCH+P5N7WK1ayp64LWEy2RVU/560F1d/GlSFjeYJaRnZm40HzKrQ43Qmcp6bqCBMOhrv663tYmLlr3NdRXZNG4qqbBAUj03ufBsUdrZ0UFUCm5CnQIEmBEKabBMlJurhoSjVTqAU20Rbvc9uv8ARADhAqry9gFCEBItVRqTUBEagE/gucTtdWlAESK7TfxpOD0fbTjAqr6P350ojdq9hACu4jSU6+okkBXtc4QBRIuNz4FXtbLjdUYv5duXT10xFkTb/EMkPncRFu0C9itZp+duMWPbP7LOxIOHQT+hQ5FJCZfJ0nyPgQp4iqR+YNsBNqWHrmg8wxTdo6C4+X/WUdPHgUoYi4GfcFd66I8QkmGM0yZaAArvXJQcpUJuUamilO3Rq7WMXgCu3bDywRx8jiqHOCkzpnJp126WbqBCpybndINXrUeJC03mHYAa/wAtQLFmyGqn40PP7CWPBSLRNtm7iBVTZ6Py/QhGNYyQjSxc/oD+ayY32ReLYuM/hbWGUaJxyoxPjrUJ9sIvrWWdBhTnazAFO3TZ88dF5efYhOIY4Uy2+VNDGfTLGG3nB8seTk5fAibHfA0Vhb90H7JoiDVlvPq5YVIUcuwBLTRG6fbOuuzh2IzMuCbHMVumFJ2XrlhzXH2G2CorMRP3r1HApVppvLZasAKDePxnrUxXyVNnIxN1pup9p4Q48iK6DsalyfofmRpkaCyQPaBOR88EfdaaarcPf116nPshZzZOllyw0sfRPCZKbaNmMA0+w+wY8w+GSdCBBhss1KHKSxHLgeg2Todb9EfOi85a3SCFPiVQaKKCr4vNyIk2EUaJaDTXeNdFFdfgW9uZ6SBvnliBJMTNVvwKU2U0HxmuktLDo1VB7YLkozhA4bZrbKzpIXI0xPjTOvEhJVnLiSxYXNERdCi+ta3ZwR0fwLq/Mqyc/wCN3grJtxq5gloYxch5JmtD3ZuoqVY3AXBpPXuGiHL2dDlx0rOgg60/RTcpO1QogA1fwrmqXWCqYJFJLFaogMzYt7MqCJVU2UAaWlu8vb5ExC27HVX0N1McRqpy66PhbTEO1SI1VVBxmaZkR1B/BFScItIDV/CmKJU2UV/5UAQzR4D+CCSfYXE3/h/zSQBmPMATICAa9wEOn5khtqvNaHKarNHTWCjMcNx+0P8AU9CiTpDSstkZYe+PewthODTVVZ++4sMH81ynxAXn6FnmpupxhvjMQBc0uVM2UDVm2m5TSHifugmITVwDvnea3zz11IaAXMOv5j5l06Pcs5Pw0gvTSceBJp/e+NQYKpxVhLDmm4dpnYYAcTHzKaLsIE4LgmJiBAYUmB6XIJpuRaJoGwra3ANnS36VhN3LKlXDN1N2awR9MPtAf/4+TVZTLtdFzLwBb5tsFsKdtAQILLDW2Xecd5tkTdM7aA8YiMtgUowQFMibs2/TYZ80zHycipNRQnbeTBIwpEHD16kD7KHCdEKONdT2Ts0NgUk3fXQYMh4PQuOmIuVMNvCbRvmNFYUd3k8KcmKC9N/YVg1b5vvDYxYH5kfMu3dfFoajIKw0AGltVYdLNtNAxLWgwF/E5GPdWuMs1TTSZH8Aop1gltXkDQNybcvro3ARdnCGxbqB2k6OBRz2JYbKK+NBMQ7IGxroI3T6CUWorOxtOWtGrECbaEyMqqN9csWIuOvgIb5/JZZzEnXy5/2AW+QlxbbzD1mpb7M0S6opxl4hyFkw+cGqwt+lQxR7McPgBW9iDGfO6QLIAjAPP5/Ryqut5FdI6BzBX5mhxnJE/wA44gWxPKYNPC5S+2GRprzx+66GJ0WsCbr++asblyK6dcpDgA7lVIz7MxsS3azZ1lU+apNzQS04hleJI6A4/og88+LZShHoMyBRJKy4kJieEXAICA2H9B1+Hw/oiLE7agk3LtzNrwhxM+nwbFhemiliYazWSmzqolq4VOQ80PellZKpM6+UdEaxknPH1vAZxd+tq02lu0rmsHxETKk7DoEjD0/0R4TJaxk2tmUopMIy0y410gRMZioagyy6/i/SgDbylB8gKpgrOD6LeMzGUDoAqK6qzoaUiuLvh9QFlkpxt0bLOMFqtaGr/ctUZllQw5Ko8nTSWbaMeXI7voSQBhjv+0ubxyddG0NG4ul2XIU/JC62bR6wMr/MseaHZGvFLqzJh3MSQE+XPzPPH6PB8kJYxETxSRaC68q/UK1Y9MiI0hoAKAQHsVbqxLMPcYceP9+tcvS5JeI6Lw2/Q9j87kMTbvABUelA5ESymCPWYVH61X2YPE45KMBoM6z/ADPItD/NZA8FIKkrdi0qCsu3ltVIXIvuTj5tsWgFzxnpbgjBNuOtA3LDUb4FR/PzK/AsDlsPb/vLnbc2d7241t80ESWfoSeCiZ7F+2SYLtswAAvBkIATnrVczgmU7KCzKPHKMBUb2eTrrhdyHJCPk2rqWjKnmGwEOPQq3JrL15KrAk2BOx8XGixUnxMJStsJGtijk8Pd8+xE4AJOg4BWdNZZiez3MtjQGs9xtNCJatxQ8laLn3iFywr9xZ2Ccfz/APiFFhibJ9qrGc8IudOj9/ot0tM1DVV7CUWmxtUi6Ji63Vh7gDeV9EQ5YcnLD1Kopp8GqZ2jrsnExUmX/wAegzu3KOTyKucZzGzyC9g1T+iV9gedqdIyAquBDn2XBG9tYZiddlX8uZFwQ6Yd7+6Jy+JiQ7hAskledm2UsA2XlCddAQ1mdgfqjmKwGWYvK8AvWRmdyiPIszzJ4/ShPZHME5QNVms1pjRFNsDTc3V7d66n+zMCJ2ec4GBH5935LiXYVEu//s+YJiUnnfxzbZD1d39YKkxS0do5MC1aFyxvztpkZWLC9MIU/M9sugwHt+hZT5PEOMPk1OTDr92kPEgenzbUJ7LqilmCYt7WfEzP0f1XQkxSNILiGMEdcxCelAdMmJr+8zb1Hg88flD+SfWkNSzYXwaaIm8uZKoACqsAifugtszLtkV7bOeFgG94uHh5UPmw7RfwoWKzCtuXD0eePohFFcaF2mUcywdA6mZmjYAtw5dnJ6dkPWq8J9snKS4k5mZlTGQLOTyUtx4oR+S3g5lFqrA99YZeNQnRudD9+ZMAtiV91mTWe0/n64piCbxkQnka+BVNOuD2pdSH/VgYVls83y5UPmHSao4Nw1pl5kXBvVReSWsBBs8sgdlisXQymIZrdQDUe+FdC5IpomrcuqvQYB+qtwuecbdMqaaD+S3jLwylH067a/ws/wCJFJQbeEhEtp3Q26IfZJaGZnOI1WDSg/ZAbjTeaxoO177owEKramx66qcATE2z0GiStUEXTPPZwHXxqAqg6C3YFL9rMTb71r7/ADIdX+v6Le/hRNOm5Le2zuuehYcRmqhp0nwLmceqN1LsDApmZ03D0SoVetRxGYEi9tWSjGUL7hleaFzcKiUpUi3lna4K+JDZrBiz6rXhsu467z3eAuP8xc12KTHPg2ZawJduTuU30zTaTyyLawiyZgTloE2IcaHtyLbhHWRzHGehpv7rNCacmXMsC5gNZ/ZFm4C2ICGgEklLINuOCk5FukKLQDcCwUOxB6msQ1hoBnyfdbpycpbOhCJQ6hzD1mdaJbpDje2c3icSbLMZI6NF6UtiTg3HXvWcvnj9EbxLD2pm56vQQmAH3yCASDBMOTbRt0gwdEsZnE84dmrb5e77li4U7N1O0dBJvDMtsTIazCwPw/39FqbmEPlXRGjRYdYfl+RXzI1c5Le2Cf8ACCGJgLkobWWE2fiQmT/9lzWIYA/Lc/hLhvMGFZyx6m0WefLiTNz1upG9lrABlZlwyATbPPM6AALycj5od1b5nBZ5wcztZ6jRWewOX1xXUdj2GDLFNz8y2Hbc6AgzXtqbHw8np/RdExiUTGwgILhvCv38qpImU/g8hmMCmW+bmZZ6gz1gxm/MdvuXYYE7/wDWyIhuZg/5orp5zLjQUtCWYmmDGg2bB8G2EYQ83c2+VDZiVEq+1hATMyIw0ZhR5Yx8iM6Fd5OZxmeJsTENaj2JA+5Mv5zR0UZ2d+kIfNajw0iE3Hx58zIKD8kEclmBlJak7DO4/wAtKPGlllOeKRTik4LTdms7AU5CVbYavL+9zV0yegvNsXJwxXtzFpRoP+UYfEQ/Mjt5V0+KiNQFvgdipNu2Q1VIDYtIE0wwTDky6DD9dbx1u/F4YeDlRLDHxmpakyO9gQv2836vBFXTEKpSbzxroCuvzw5VzGFTpNlZoTe7BZQYw1h1gTamXDdMDcv6Pg+Wz17VSczr6BojMBmjUBbnX9KCujUPMjr1nREC90U3qgu3YWlHm32jaf3/AN8izSrDrbhtnuaD3XEPljyuuuhkJqob0o5Y3gcDIRvUcOfzX3/ZFYsXn226G8wBN/RfctvY5LW5nGto7MpaC+0ocl/IktFKS1MQhEScupCzgUSiJaBp40xREisExD41KunvLh9PcVElL7NQ2awQqakWndYo1EaRqq//AEqXWqrg1/6iTQ0zlJnAx3CMOoaFQ7FhGvnHqKyPX5V3NChGXUOK+ClJnO4BgDbEyD9R8wBaz9Sn2SYvRaBXmdH/AG4I482QtnQuLnMMcmXTc3AWHInpG3G1thrD3ctsPiRdt6oVzQtONtUohhjxaT37FSwJkMZepYOjfWWUf5sFZiw1DSsTVo0rD9rNPAiL6rxOnIMt+sVhi7ctU7CqWMeOlMANGapV+Gz7hO6XLLA7vOeXkh6lqw3AxfK8jo3zDxfy8n6rrMOw1iTHmGwa6Z3uuevwJKPpTmtHNTOAzb7gOSzdIP6wesy0Sw3AGpPn8Qc7YfDQz4puP1RY5snCy5bc1n+H6UInnBYz6LjOozN44mVX29CeNolNvBnxHFs10xAtGsPw1bhLpUmJ8dipjhuhz/q53LCjdb9Pv+S2wZFh3IDQDCFHNsbkqpCIW2Cm3QGl+Zpzj5ec2ckFKTnulTXvrLOR3TWSgtIa/WAuJZTHhoOZ7btoPhn6gAwhU3Dq8nkjy+dY8Zls8cpl8BfmqgZB7bzmzljDb6IRQySlWxf7ZfYDt7RWe08uHc5PJyIhMSmY2bjDhi/cYAZwAW9vkjTyckYqrbQqpgHBuxuZlZ0HXmwdAKirlnxMdvnhth+ngR1xsiLnreh+H6UNdZxJt8GwmZYZR9+hmhjKdZ5Ixjshtujyx2+9dE1MjVTfXQNdkULASdmSLg0m3uHZ71ykxJlLO1ANldAb+ZDu7fftXbOMtHdTSfGFhIbPtDSYvaONU8kxdGOWmSpBXOMCV24aygIjRcrSmCFLslsbXwWxlRItID/CoHEQ7wk3Fx3QJn/Ct7GFFqfu/h9ScU5aJbrYDDCinHQKwTDQ8YV5f78i7eVlRabAQ4B/8nlUJaXFobBVwxqLivXTCCiYyk5EstJSSVEFkTptArDTjzd3Nl0OQ/qmESEajGxRTEWCBFdTZ0NtKYrtGhMcR3K/kpQjSNQEdfwfPagCswq6/H91CHTVww47fengIkN6QGSaG1AYsE2R5HwLpiHd1rI7LCSTRSdHPm6PjhpU2KaqkSekRLWKxuYZT3gqVDiylJGHEjFDDNEJyUf4QJDTYmR8X/nWDg7NlJFQR5yo1vhU+QNM3G/aCGug/wDhLoOxxjIljmZkf72/UAfljD+amvB2GmsqRYBvUYB/VC4Tzs4/lSX/AJpndZh++4s0wDs2VO5/qIuLDeHy2UzrO9495wkmm94Q8L+lc9NNsN5Ut7Z7znpWbCJPNLtmd7wwfMgfjC+yxy4lNzOUGjXMn+GMP3sgiuIzjbTdLFrDAUgCarb0FPwTcSdnpcg0SvPH+n39yjjTRDMg4GgwJl79+9COwjHW5qb7IGw8QEvQf4mr+XvRzFo1tPlvhf7v5I2rFqVA/EJcXaLjHSVh0K05YTbp3w0H50PZm6lvYeQmmN2ihkt0/bWl1jMbMajoMCE6Du8nIoTTF2YHtp2n068Yr9Q2Q5zBA4YmwAhRXW056YejbsTlM1EDdNQHUDx10Zfq8O1WwdWLExKk3ZbWGsPxIJuNLAJ28hEHRLQVBqiZZIxMT39B+fwIFKTD7hVA28QB34wCJi36Yo6w+RCkn2Q2qBcthrjnGRrdI4G4VsyR8VmrZ6dnyW6ViOZTxop2g2VDkyLxGGgM8pdpvuR7gxu9arj44pXWTOc3ZXLA2x3mjr0QP6K/OqK/26NnyWiWmWoa22QPcoCB/NWTE02bdOX1D0LeOTFmMtVmjcrSCCeEFMYfBvmrER2Ekr85v8Nz40yYFOxWVUjYR9Pugq08bkCJtDvVAPX/AKJbcwtz5AncttppP1/dIKRG8T+Oj6IAdyO7Z1w/qpUkI1GNh7/L91UOq9SOmqz/AD7EAOAEWi72FCKnGmnfr9VKTcB3/wDJs+6AKogqjaWiMEtiQA9yWVJSQopEU1CBgr/ho8Kv7XHKAdwFvWeJCI1cFSzmVEzwBuWHMPXuAuP7Isa5w8i587TP8OHg/WK3Y1iJFWN9aCYfg7k2+GeNhvjX9Vyybk6R1Qioq2dLgLBS2HgT3/PYhTNzJ72zdH1Q5fTtXM9muIELRtgWu1dlPxuOgf33PpBee9lIERGnL4HD5M39mLhN4o+O4/h7lfxQjD6r06BXGK8/7BJYW3Td36KF3UCuVLREtnJ4k27KunR3isiD0eBaZHEhJGMXlxdFcpGUJtyxLrQ07Osl54eJNMNj3xjRv/lrnBNwSpXSYcRZYV76aeaBqsmc5kRHUszpzLgh2s3YZiD3Fs8Ozy+hEnMKaIqgrFXtQyxp0gqaslNIsbbalZJ5jDCeOYmTHtt55mgnIeH5fqsuaIN369FHnWfFMVyG+ZbN066aA2eFacIkymede7xufmRh9FDu1FDqlbCWBypd9fKn8FG6Gd8nneuazCA/AniS6YQUVRzyk27JzQSxUUNXhVQfKGWq9iFOhPuTdTBdryLB6OQye93g2os3bru/fhTSXiE/6IenaCtEK+8Do/fL5EoNEQ1U2fvyqLXDVQHrP5KxDxZ2RjDydOCdS2D0/gh90yYFIOtncBXq0YdEP+yfjPRFBKiHQr258h6aGibC/a1Q1M/Af38KhEHNOrqHX8lRLzAu8YmtMSKy469GuKQxmhIbszK+IPoq9RKw3ahpqMvbrUAjxj7CAJOlumVSm3EhGwg6nJV+iqOPBaHxqcYjTpp6dcfsgCLY1b1PXOhJzVxdNOzq01dDlTHG7h6HKgCRDTvfBt+yjFWOQKnvdIcdBfdMzAr6KPb2fVAEIiPF7Bgsc40Q3BdxgtcdSnGzQXwbVLimNOgC3FonKcoBsvPe2+j6rWMu23cC2PMNu9/bAunoL3qtyRbIbHHh6+x4VHRo07oBzJ3GuXxeScdcpAagur4vMu0dwt0tBMl7dH6/dYXpCZacqNh4gPfDY9/CsnB+mkZrwEYDhxMN3osblyqccIO/C811wiCzlNt8QIaoeWa5iNQrCUqKXb7f+y9N24RaGzL2KEbDRc2wI7q0C4IrDAnS3aFaEo4XGSFF+CbXpojOcF3UVRGThU3n0A+sVpZwt0t2kOnYi8nh4tD01ouN+kOaWgEeGuDQ+ZWAY8yDETJyH7jtXSNuDY3v0V6I0+/uepWwbU4QWiilohyb2Uvi4QnkUZ+5nbadvn2KcA/2KcIJzpqsro6aokTY1bwD7cATHCkqdXUOtS3emowQBOMBp1X8FH1UIJRglb1kwHt4kkvZTpABowVZQSSWhBESi2VQrWziTlTcC0b6SSljCsCrgBDyQ4VE4JJKRiUswi5SIzhwmaSSAItxu1Ue/wCiTnkjdHiikkgCUYDs2eM8mXD7phhGBbHNsA6EIJ0kAMfRUokOzZTdxVxSSQAwnSVu/wBCBfqpOhEI7S2RNMkgBDEdlO0s7hohsUdiSSAJQCOyvd8ijEBjyuQgR/mXpJIGQyW+Bj/Bh9k2Sz+Gz/gw+ySSkLLBa2aRbhRdaEIKKSSoB4Qh3PDxJbU6SBDJRjtjUWtJJAC3UySSBjJ9iSSAGgn2pJIAapJJJAz/2Q==', '2');
INSERT INTO MENU (ID, DISH, PRICE, PHOTO, RESTAURANT_ID)
VALUES (4, 'ხაჭაპური', 12,
        '/9j/4AAQSkZJRgABAQAAAQABAAD/2wCEAAkGBwsLCgYLBgsHCAYHBwoHBwcHBxsICQcWIB0iIiAdHx8kKDQsJCYxJx8fLTEtMTU3Ojo6IyszODM4NzQtLisBCgoKDg0ODxAQDysZFRkrKysrKys3LTc3LSs3Kzc3LSsrNysrKzcrLSs3LS0rKysrKystKy03KystKystKystK//AABEIALcBEwMBIgACEQEDEQH/xAAbAAABBQEBAAAAAAAAAAAAAAAFAAECAwQGB//EAEoQAAECBAMDBBAEAwYGAwAAAAIAAwEEEiIFEzIRQlIhI2JyBhQxM0FDUWFxgYKRkqHB0VNjsfCy4fEHJJOis/IVNERzg8IWJdL/xAAYAQADAQEAAAAAAAAAAAAAAAAAAQIDBP/EACIRAAICAgMAAgMBAAAAAAAAAAABAhEhMQMSQVFhE0JxIv/aAAwDAQACEQMRAD8A9xSSSQAkkk2xAC2pJtqrN4UAWRJRifmiqK3C0DT109Bb7nwIAROucIKMSdj3CbTRY6RqUQId5AiGVVrI00GR4VphBNEbkAUwEtwQFWQEuJJwxG41SM3vGJi3xpdkh0y/Z0lJNCNWhNVT0kxDwikUU0fhSgXBegCUOqokSaMeMvYBKHQH2zQBKlVl1k5U75VdAEthbg0IAeApFpUbeIyUhq4aQQBTtEtGvgSgRCrBIRLiPoJnBp6daAHGYJWDMCs8IdGlOTZD0kDNMHhVkIrIBK2Le8CAL0lULnGrIRQA6SSZADpKNSZAE021Um4q6iLRb10AXxcUMyrQqoNCWsqlYMBQIhECLWVIdBTEKdCdNFAD7akoxTRtSjGn20APFIo2pCNKjXTrJAEo7iUdXQWd2ZbpqQ6axXdBZy5IxLjBsqxCepdMT41knMSzW8tkjaO2gw8yxzZkZGSwbSFccpyOlQR3OHv5rAEZdA/StMIluDSHGa4eTmrguMcg6wvjTtRyOLOlkW1Aeug11Q5k1kwlxtPAb+MjSj0yo6AIdHFNg74+wk3irfF8a17IzphGHQH2zTFHjKvoAsozzZayAlaMyOkLQ407AuupsEBTQp6bqhA2+t11YNXE2PUQIQxLoNKMIjVvuphpq0mXTNSjVvkDQdBAD3cICCicRqvIy6AJipq33TUyq6AIAeNW4NPXTFpvc+BM5EabyMuonHTY38aAEMRIbBMk7dQj/wCicaqbyBQbgPFUgZaJwjrGlKkoaFUMejSHwKYwp0IAnmcQpxcGPcVeby0kPwJbBJAF+xJU7C6aSAKxCklMlCBDVqSjHomgRIoj1UokNOpMVXCldwtoAVY06kwm2O8qJ16kdzp0IBMPlSeQ6YHudxYz5erNIcfY6WLohcZLBMYy2Oi5BZp2pukFjbl3D3fgTjydtA4ddhOax1wtClKk6Y5syVIbgfiKhjCyAgzxOjWtjzDh71AKZya0VFJmXEZ6lt8r6GAIrEFDFBJrn2zaM77/ADronBbabp4/icQh/C3HXAtZaCirnvJ54Lnae/TZNaMkpBycrGqiROw6LHeTl5Iq3FJchbNxisAACo/MWjDG22HDYByszMir/Ej5lpxsqWMvoIq45C/9YOXwicJ1vporKvkI3lfvrmmTJqZ663zLhNkBBv8A6rOLNJLJ07M6JWmqTbbF3MvHoV2uIHLPlxLeEyRkDZiGRdWddzcfBsWimyHAOsA2Y2KcZch0EazSJtywzDky4AygBU88Z2twVr+KNjQTNBB16/dsW/5Eo5MOjbwTqfHQVSmM+4OttVt4gLg1BbxpRccK4NCPzfCH+P5N7WK1ayp64LWEy2RVU/560F1d/GlSFjeYJaRnZm40HzKrQ43Qmcp6bqCBMOhrv663tYmLlr3NdRXZNG4qqbBAUj03ufBsUdrZ0UFUCm5CnQIEmBEKabBMlJurhoSjVTqAU20Rbvc9uv8ARADhAqry9gFCEBItVRqTUBEagE/gucTtdWlAESK7TfxpOD0fbTjAqr6P350ojdq9hACu4jSU6+okkBXtc4QBRIuNz4FXtbLjdUYv5duXT10xFkTb/EMkPncRFu0C9itZp+duMWPbP7LOxIOHQT+hQ5FJCZfJ0nyPgQp4iqR+YNsBNqWHrmg8wxTdo6C4+X/WUdPHgUoYi4GfcFd66I8QkmGM0yZaAArvXJQcpUJuUamilO3Rq7WMXgCu3bDywRx8jiqHOCkzpnJp126WbqBCpybndINXrUeJC03mHYAa/wAtQLFmyGqn40PP7CWPBSLRNtm7iBVTZ6Py/QhGNYyQjSxc/oD+ayY32ReLYuM/hbWGUaJxyoxPjrUJ9sIvrWWdBhTnazAFO3TZ88dF5efYhOIY4Uy2+VNDGfTLGG3nB8seTk5fAibHfA0Vhb90H7JoiDVlvPq5YVIUcuwBLTRG6fbOuuzh2IzMuCbHMVumFJ2XrlhzXH2G2CorMRP3r1HApVppvLZasAKDePxnrUxXyVNnIxN1pup9p4Q48iK6DsalyfofmRpkaCyQPaBOR88EfdaaarcPf116nPshZzZOllyw0sfRPCZKbaNmMA0+w+wY8w+GSdCBBhss1KHKSxHLgeg2Todb9EfOi85a3SCFPiVQaKKCr4vNyIk2EUaJaDTXeNdFFdfgW9uZ6SBvnliBJMTNVvwKU2U0HxmuktLDo1VB7YLkozhA4bZrbKzpIXI0xPjTOvEhJVnLiSxYXNERdCi+ta3ZwR0fwLq/Mqyc/wCN3grJtxq5gloYxch5JmtD3ZuoqVY3AXBpPXuGiHL2dDlx0rOgg60/RTcpO1QogA1fwrmqXWCqYJFJLFaogMzYt7MqCJVU2UAaWlu8vb5ExC27HVX0N1McRqpy66PhbTEO1SI1VVBxmaZkR1B/BFScItIDV/CmKJU2UV/5UAQzR4D+CCSfYXE3/h/zSQBmPMATICAa9wEOn5khtqvNaHKarNHTWCjMcNx+0P8AU9CiTpDSstkZYe+PewthODTVVZ++4sMH81ynxAXn6FnmpupxhvjMQBc0uVM2UDVm2m5TSHifugmITVwDvnea3zz11IaAXMOv5j5l06Pcs5Pw0gvTSceBJp/e+NQYKpxVhLDmm4dpnYYAcTHzKaLsIE4LgmJiBAYUmB6XIJpuRaJoGwra3ANnS36VhN3LKlXDN1N2awR9MPtAf/4+TVZTLtdFzLwBb5tsFsKdtAQILLDW2Xecd5tkTdM7aA8YiMtgUowQFMibs2/TYZ80zHycipNRQnbeTBIwpEHD16kD7KHCdEKONdT2Ts0NgUk3fXQYMh4PQuOmIuVMNvCbRvmNFYUd3k8KcmKC9N/YVg1b5vvDYxYH5kfMu3dfFoajIKw0AGltVYdLNtNAxLWgwF/E5GPdWuMs1TTSZH8Aop1gltXkDQNybcvro3ARdnCGxbqB2k6OBRz2JYbKK+NBMQ7IGxroI3T6CUWorOxtOWtGrECbaEyMqqN9csWIuOvgIb5/JZZzEnXy5/2AW+QlxbbzD1mpb7M0S6opxl4hyFkw+cGqwt+lQxR7McPgBW9iDGfO6QLIAjAPP5/Ryqut5FdI6BzBX5mhxnJE/wA44gWxPKYNPC5S+2GRprzx+66GJ0WsCbr++asblyK6dcpDgA7lVIz7MxsS3azZ1lU+apNzQS04hleJI6A4/og88+LZShHoMyBRJKy4kJieEXAICA2H9B1+Hw/oiLE7agk3LtzNrwhxM+nwbFhemiliYazWSmzqolq4VOQ80PellZKpM6+UdEaxknPH1vAZxd+tq02lu0rmsHxETKk7DoEjD0/0R4TJaxk2tmUopMIy0y410gRMZioagyy6/i/SgDbylB8gKpgrOD6LeMzGUDoAqK6qzoaUiuLvh9QFlkpxt0bLOMFqtaGr/ctUZllQw5Ko8nTSWbaMeXI7voSQBhjv+0ubxyddG0NG4ul2XIU/JC62bR6wMr/MseaHZGvFLqzJh3MSQE+XPzPPH6PB8kJYxETxSRaC68q/UK1Y9MiI0hoAKAQHsVbqxLMPcYceP9+tcvS5JeI6Lw2/Q9j87kMTbvABUelA5ESymCPWYVH61X2YPE45KMBoM6z/ADPItD/NZA8FIKkrdi0qCsu3ltVIXIvuTj5tsWgFzxnpbgjBNuOtA3LDUb4FR/PzK/AsDlsPb/vLnbc2d7241t80ESWfoSeCiZ7F+2SYLtswAAvBkIATnrVczgmU7KCzKPHKMBUb2eTrrhdyHJCPk2rqWjKnmGwEOPQq3JrL15KrAk2BOx8XGixUnxMJStsJGtijk8Pd8+xE4AJOg4BWdNZZiez3MtjQGs9xtNCJatxQ8laLn3iFywr9xZ2Ccfz/APiFFhibJ9qrGc8IudOj9/ot0tM1DVV7CUWmxtUi6Ji63Vh7gDeV9EQ5YcnLD1Kopp8GqZ2jrsnExUmX/wAegzu3KOTyKucZzGzyC9g1T+iV9gedqdIyAquBDn2XBG9tYZiddlX8uZFwQ6Yd7+6Jy+JiQ7hAskledm2UsA2XlCddAQ1mdgfqjmKwGWYvK8AvWRmdyiPIszzJ4/ShPZHME5QNVms1pjRFNsDTc3V7d66n+zMCJ2ec4GBH5935LiXYVEu//s+YJiUnnfxzbZD1d39YKkxS0do5MC1aFyxvztpkZWLC9MIU/M9sugwHt+hZT5PEOMPk1OTDr92kPEgenzbUJ7LqilmCYt7WfEzP0f1XQkxSNILiGMEdcxCelAdMmJr+8zb1Hg88flD+SfWkNSzYXwaaIm8uZKoACqsAifugtszLtkV7bOeFgG94uHh5UPmw7RfwoWKzCtuXD0eePohFFcaF2mUcywdA6mZmjYAtw5dnJ6dkPWq8J9snKS4k5mZlTGQLOTyUtx4oR+S3g5lFqrA99YZeNQnRudD9+ZMAtiV91mTWe0/n64piCbxkQnka+BVNOuD2pdSH/VgYVls83y5UPmHSao4Nw1pl5kXBvVReSWsBBs8sgdlisXQymIZrdQDUe+FdC5IpomrcuqvQYB+qtwuecbdMqaaD+S3jLwylH067a/ws/wCJFJQbeEhEtp3Q26IfZJaGZnOI1WDSg/ZAbjTeaxoO177owEKramx66qcATE2z0GiStUEXTPPZwHXxqAqg6C3YFL9rMTb71r7/ADIdX+v6Le/hRNOm5Le2zuuehYcRmqhp0nwLmceqN1LsDApmZ03D0SoVetRxGYEi9tWSjGUL7hleaFzcKiUpUi3lna4K+JDZrBiz6rXhsu467z3eAuP8xc12KTHPg2ZawJduTuU30zTaTyyLawiyZgTloE2IcaHtyLbhHWRzHGehpv7rNCacmXMsC5gNZ/ZFm4C2ICGgEklLINuOCk5FukKLQDcCwUOxB6msQ1hoBnyfdbpycpbOhCJQ6hzD1mdaJbpDje2c3icSbLMZI6NF6UtiTg3HXvWcvnj9EbxLD2pm56vQQmAH3yCASDBMOTbRt0gwdEsZnE84dmrb5e77li4U7N1O0dBJvDMtsTIazCwPw/39FqbmEPlXRGjRYdYfl+RXzI1c5Le2Cf8ACCGJgLkobWWE2fiQmT/9lzWIYA/Lc/hLhvMGFZyx6m0WefLiTNz1upG9lrABlZlwyATbPPM6AALycj5od1b5nBZ5wcztZ6jRWewOX1xXUdj2GDLFNz8y2Hbc6AgzXtqbHw8np/RdExiUTGwgILhvCv38qpImU/g8hmMCmW+bmZZ6gz1gxm/MdvuXYYE7/wDWyIhuZg/5orp5zLjQUtCWYmmDGg2bB8G2EYQ83c2+VDZiVEq+1hATMyIw0ZhR5Yx8iM6Fd5OZxmeJsTENaj2JA+5Mv5zR0UZ2d+kIfNajw0iE3Hx58zIKD8kEclmBlJak7DO4/wAtKPGlllOeKRTik4LTdms7AU5CVbYavL+9zV0yegvNsXJwxXtzFpRoP+UYfEQ/Mjt5V0+KiNQFvgdipNu2Q1VIDYtIE0wwTDky6DD9dbx1u/F4YeDlRLDHxmpakyO9gQv2836vBFXTEKpSbzxroCuvzw5VzGFTpNlZoTe7BZQYw1h1gTamXDdMDcv6Pg+Wz17VSczr6BojMBmjUBbnX9KCujUPMjr1nREC90U3qgu3YWlHm32jaf3/AN8izSrDrbhtnuaD3XEPljyuuuhkJqob0o5Y3gcDIRvUcOfzX3/ZFYsXn226G8wBN/RfctvY5LW5nGto7MpaC+0ocl/IktFKS1MQhEScupCzgUSiJaBp40xREisExD41KunvLh9PcVElL7NQ2awQqakWndYo1EaRqq//AEqXWqrg1/6iTQ0zlJnAx3CMOoaFQ7FhGvnHqKyPX5V3NChGXUOK+ClJnO4BgDbEyD9R8wBaz9Sn2SYvRaBXmdH/AG4I482QtnQuLnMMcmXTc3AWHInpG3G1thrD3ctsPiRdt6oVzQtONtUohhjxaT37FSwJkMZepYOjfWWUf5sFZiw1DSsTVo0rD9rNPAiL6rxOnIMt+sVhi7ctU7CqWMeOlMANGapV+Gz7hO6XLLA7vOeXkh6lqw3AxfK8jo3zDxfy8n6rrMOw1iTHmGwa6Z3uuevwJKPpTmtHNTOAzb7gOSzdIP6wesy0Sw3AGpPn8Qc7YfDQz4puP1RY5snCy5bc1n+H6UInnBYz6LjOozN44mVX29CeNolNvBnxHFs10xAtGsPw1bhLpUmJ8dipjhuhz/q53LCjdb9Pv+S2wZFh3IDQDCFHNsbkqpCIW2Cm3QGl+Zpzj5ec2ckFKTnulTXvrLOR3TWSgtIa/WAuJZTHhoOZ7btoPhn6gAwhU3Dq8nkjy+dY8Zls8cpl8BfmqgZB7bzmzljDb6IRQySlWxf7ZfYDt7RWe08uHc5PJyIhMSmY2bjDhi/cYAZwAW9vkjTyckYqrbQqpgHBuxuZlZ0HXmwdAKirlnxMdvnhth+ngR1xsiLnreh+H6UNdZxJt8GwmZYZR9+hmhjKdZ5Ixjshtujyx2+9dE1MjVTfXQNdkULASdmSLg0m3uHZ71ykxJlLO1ANldAb+ZDu7fftXbOMtHdTSfGFhIbPtDSYvaONU8kxdGOWmSpBXOMCV24aygIjRcrSmCFLslsbXwWxlRItID/CoHEQ7wk3Fx3QJn/Ct7GFFqfu/h9ScU5aJbrYDDCinHQKwTDQ8YV5f78i7eVlRabAQ4B/8nlUJaXFobBVwxqLivXTCCiYyk5EstJSSVEFkTptArDTjzd3Nl0OQ/qmESEajGxRTEWCBFdTZ0NtKYrtGhMcR3K/kpQjSNQEdfwfPagCswq6/H91CHTVww47fengIkN6QGSaG1AYsE2R5HwLpiHd1rI7LCSTRSdHPm6PjhpU2KaqkSekRLWKxuYZT3gqVDiylJGHEjFDDNEJyUf4QJDTYmR8X/nWDg7NlJFQR5yo1vhU+QNM3G/aCGug/wDhLoOxxjIljmZkf72/UAfljD+amvB2GmsqRYBvUYB/VC4Tzs4/lSX/AJpndZh++4s0wDs2VO5/qIuLDeHy2UzrO9495wkmm94Q8L+lc9NNsN5Ut7Z7znpWbCJPNLtmd7wwfMgfjC+yxy4lNzOUGjXMn+GMP3sgiuIzjbTdLFrDAUgCarb0FPwTcSdnpcg0SvPH+n39yjjTRDMg4GgwJl79+9COwjHW5qb7IGw8QEvQf4mr+XvRzFo1tPlvhf7v5I2rFqVA/EJcXaLjHSVh0K05YTbp3w0H50PZm6lvYeQmmN2ihkt0/bWl1jMbMajoMCE6Du8nIoTTF2YHtp2n068Yr9Q2Q5zBA4YmwAhRXW056YejbsTlM1EDdNQHUDx10Zfq8O1WwdWLExKk3ZbWGsPxIJuNLAJ28hEHRLQVBqiZZIxMT39B+fwIFKTD7hVA28QB34wCJi36Yo6w+RCkn2Q2qBcthrjnGRrdI4G4VsyR8VmrZ6dnyW6ViOZTxop2g2VDkyLxGGgM8pdpvuR7gxu9arj44pXWTOc3ZXLA2x3mjr0QP6K/OqK/26NnyWiWmWoa22QPcoCB/NWTE02bdOX1D0LeOTFmMtVmjcrSCCeEFMYfBvmrER2Ekr85v8Nz40yYFOxWVUjYR9Pugq08bkCJtDvVAPX/AKJbcwtz5AncttppP1/dIKRG8T+Oj6IAdyO7Z1w/qpUkI1GNh7/L91UOq9SOmqz/AD7EAOAEWi72FCKnGmnfr9VKTcB3/wDJs+6AKogqjaWiMEtiQA9yWVJSQopEU1CBgr/ho8Kv7XHKAdwFvWeJCI1cFSzmVEzwBuWHMPXuAuP7Isa5w8i587TP8OHg/WK3Y1iJFWN9aCYfg7k2+GeNhvjX9Vyybk6R1Qioq2dLgLBS2HgT3/PYhTNzJ72zdH1Q5fTtXM9muIELRtgWu1dlPxuOgf33PpBee9lIERGnL4HD5M39mLhN4o+O4/h7lfxQjD6r06BXGK8/7BJYW3Td36KF3UCuVLREtnJ4k27KunR3isiD0eBaZHEhJGMXlxdFcpGUJtyxLrQ07Osl54eJNMNj3xjRv/lrnBNwSpXSYcRZYV76aeaBqsmc5kRHUszpzLgh2s3YZiD3Fs8Ozy+hEnMKaIqgrFXtQyxp0gqaslNIsbbalZJ5jDCeOYmTHtt55mgnIeH5fqsuaIN369FHnWfFMVyG+ZbN066aA2eFacIkymede7xufmRh9FDu1FDqlbCWBypd9fKn8FG6Gd8nneuazCA/AniS6YQUVRzyk27JzQSxUUNXhVQfKGWq9iFOhPuTdTBdryLB6OQye93g2os3bru/fhTSXiE/6IenaCtEK+8Do/fL5EoNEQ1U2fvyqLXDVQHrP5KxDxZ2RjDydOCdS2D0/gh90yYFIOtncBXq0YdEP+yfjPRFBKiHQr258h6aGibC/a1Q1M/Af38KhEHNOrqHX8lRLzAu8YmtMSKy469GuKQxmhIbszK+IPoq9RKw3ahpqMvbrUAjxj7CAJOlumVSm3EhGwg6nJV+iqOPBaHxqcYjTpp6dcfsgCLY1b1PXOhJzVxdNOzq01dDlTHG7h6HKgCRDTvfBt+yjFWOQKnvdIcdBfdMzAr6KPb2fVAEIiPF7Bgsc40Q3BdxgtcdSnGzQXwbVLimNOgC3FonKcoBsvPe2+j6rWMu23cC2PMNu9/bAunoL3qtyRbIbHHh6+x4VHRo07oBzJ3GuXxeScdcpAagur4vMu0dwt0tBMl7dH6/dYXpCZacqNh4gPfDY9/CsnB+mkZrwEYDhxMN3osblyqccIO/C811wiCzlNt8QIaoeWa5iNQrCUqKXb7f+y9N24RaGzL2KEbDRc2wI7q0C4IrDAnS3aFaEo4XGSFF+CbXpojOcF3UVRGThU3n0A+sVpZwt0t2kOnYi8nh4tD01ouN+kOaWgEeGuDQ+ZWAY8yDETJyH7jtXSNuDY3v0V6I0+/uepWwbU4QWiilohyb2Uvi4QnkUZ+5nbadvn2KcA/2KcIJzpqsro6aokTY1bwD7cATHCkqdXUOtS3emowQBOMBp1X8FH1UIJRglb1kwHt4kkvZTpABowVZQSSWhBESi2VQrWziTlTcC0b6SSljCsCrgBDyQ4VE4JJKRiUswi5SIzhwmaSSAItxu1Ue/wCiTnkjdHiikkgCUYDs2eM8mXD7phhGBbHNsA6EIJ0kAMfRUokOzZTdxVxSSQAwnSVu/wBCBfqpOhEI7S2RNMkgBDEdlO0s7hohsUdiSSAJQCOyvd8ijEBjyuQgR/mXpJIGQyW+Bj/Bh9k2Sz+Gz/gw+ySSkLLBa2aRbhRdaEIKKSSoB4Qh3PDxJbU6SBDJRjtjUWtJJAC3UySSBjJ9iSSAGgn2pJIAapJJJAz/2Q==', '2');