INSERT INTO ACCESSIBILITY (ID, ACCESSIBILITY_TIME)
VALUES (1, '12:00');
INSERT INTO ACCESSIBILITY (ID, ACCESSIBILITY_TIME)
VALUES (2, '14:00');
INSERT INTO ACCESSIBILITY (ID, ACCESSIBILITY_TIME)
VALUES (3, '16:00');
INSERT INTO ACCESSIBILITY (ID, ACCESSIBILITY_TIME)
VALUES (4, '18:00');
INSERT INTO ACCESSIBILITY (ID, ACCESSIBILITY_TIME)
VALUES (5, '20:00');
INSERT INTO ACCESSIBILITY (ID, ACCESSIBILITY_TIME)
VALUES (6, '22:00');
INSERT INTO ACCESSIBILITY (ID, ACCESSIBILITY_TIME)
VALUES (7, '00:00');

INSERT INTO TBL_TABLE (ID, SPACE)
VALUES ('1', '2');
INSERT INTO TBL_TABLE (ID, SPACE)
VALUES ('2', '2');
INSERT INTO TBL_TABLE (ID, SPACE)
VALUES ('3', '4');
INSERT INTO TBL_TABLE (ID, SPACE)
VALUES ('4', '6');
INSERT INTO TBL_TABLE (ID, SPACE)
VALUES ('5', '4');


INSERT INTO ACCESSIBILITY_TABLE (ID, IS_BOOKED, ACCESSIBILITY_ID, TBL_TABLE_ID)
VALUES ('1', '0', '1', '1');
INSERT INTO ACCESSIBILITY_TABLE (ID, IS_BOOKED, ACCESSIBILITY_ID, TBL_TABLE_ID)
VALUES ('2', '0', '2', '1');
INSERT INTO ACCESSIBILITY_TABLE (ID, IS_BOOKED, ACCESSIBILITY_ID, TBL_TABLE_ID)
VALUES ('3', '0', '3', '1');
INSERT INTO ACCESSIBILITY_TABLE (ID, IS_BOOKED, ACCESSIBILITY_ID, TBL_TABLE_ID)
VALUES ('4', '0', '4', '1');
INSERT INTO ACCESSIBILITY_TABLE (ID, IS_BOOKED, ACCESSIBILITY_ID, TBL_TABLE_ID)
VALUES ('5', '0', '5', '1');
INSERT INTO ACCESSIBILITY_TABLE (ID, IS_BOOKED, ACCESSIBILITY_ID, TBL_TABLE_ID)
VALUES ('6', '0', '6', '1');
INSERT INTO ACCESSIBILITY_TABLE (ID, IS_BOOKED, ACCESSIBILITY_ID, TBL_TABLE_ID)
VALUES ('7', '0', '7', '1');
INSERT INTO ACCESSIBILITY_TABLE (ID, IS_BOOKED, ACCESSIBILITY_ID, TBL_TABLE_ID)
VALUES ('8', '0', '1', '2');
INSERT INTO ACCESSIBILITY_TABLE (ID, IS_BOOKED, ACCESSIBILITY_ID, TBL_TABLE_ID)
VALUES ('9', '0', '2', '2');
INSERT INTO ACCESSIBILITY_TABLE (ID, IS_BOOKED, ACCESSIBILITY_ID, TBL_TABLE_ID)
VALUES ('10', '0', '3', '2');
INSERT INTO ACCESSIBILITY_TABLE (ID, IS_BOOKED, ACCESSIBILITY_ID, TBL_TABLE_ID)
VALUES ('11', '0', '4', '2');
INSERT INTO ACCESSIBILITY_TABLE (ID, IS_BOOKED, ACCESSIBILITY_ID, TBL_TABLE_ID)
VALUES ('12', '0', '5', '2');
INSERT INTO ACCESSIBILITY_TABLE (ID, IS_BOOKED, ACCESSIBILITY_ID, TBL_TABLE_ID)
VALUES ('13', '0', '6', '2');
INSERT INTO ACCESSIBILITY_TABLE (ID, IS_BOOKED, ACCESSIBILITY_ID, TBL_TABLE_ID)
VALUES ('14', '0', '7', '2');
INSERT INTO ACCESSIBILITY_TABLE (ID, IS_BOOKED, ACCESSIBILITY_ID, TBL_TABLE_ID)
VALUES ('15', '0', '1', '3');
INSERT INTO ACCESSIBILITY_TABLE (ID, IS_BOOKED, ACCESSIBILITY_ID, TBL_TABLE_ID)
VALUES ('16', '0', '2', '3');
INSERT INTO ACCESSIBILITY_TABLE (ID, IS_BOOKED, ACCESSIBILITY_ID, TBL_TABLE_ID)
VALUES ('17', '0', '3', '3');
INSERT INTO ACCESSIBILITY_TABLE (ID, IS_BOOKED, ACCESSIBILITY_ID, TBL_TABLE_ID)
VALUES ('18', '0', '4', '3');
INSERT INTO ACCESSIBILITY_TABLE (ID, IS_BOOKED, ACCESSIBILITY_ID, TBL_TABLE_ID)
VALUES ('19', '0', '5', '3');
INSERT INTO ACCESSIBILITY_TABLE (ID, IS_BOOKED, ACCESSIBILITY_ID, TBL_TABLE_ID)
VALUES ('20', '0', '6', '3');
INSERT INTO ACCESSIBILITY_TABLE (ID, IS_BOOKED, ACCESSIBILITY_ID, TBL_TABLE_ID)
VALUES ('21', '0', '7', '3');
INSERT INTO ACCESSIBILITY_TABLE (ID, IS_BOOKED, ACCESSIBILITY_ID, TBL_TABLE_ID)
VALUES ('22', '0', '1', '4');
INSERT INTO ACCESSIBILITY_TABLE (ID, IS_BOOKED, ACCESSIBILITY_ID, TBL_TABLE_ID)
VALUES ('23', '0', '2', '4');
INSERT INTO ACCESSIBILITY_TABLE (ID, IS_BOOKED, ACCESSIBILITY_ID, TBL_TABLE_ID)
VALUES ('24', '0', '3', '4');
INSERT INTO ACCESSIBILITY_TABLE (ID, IS_BOOKED, ACCESSIBILITY_ID, TBL_TABLE_ID)
VALUES ('25', '0', '4', '4');
INSERT INTO ACCESSIBILITY_TABLE (ID, IS_BOOKED, ACCESSIBILITY_ID, TBL_TABLE_ID)
VALUES ('26', '0', '5', '4');
INSERT INTO ACCESSIBILITY_TABLE (ID, IS_BOOKED, ACCESSIBILITY_ID, TBL_TABLE_ID)
VALUES ('27', '0', '6', '4');
INSERT INTO ACCESSIBILITY_TABLE (ID, IS_BOOKED, ACCESSIBILITY_ID, TBL_TABLE_ID)
VALUES ('28', '0', '7', '4');
INSERT INTO ACCESSIBILITY_TABLE (ID, IS_BOOKED, ACCESSIBILITY_ID, TBL_TABLE_ID)
VALUES ('29', '0', '1', '5');
INSERT INTO ACCESSIBILITY_TABLE (ID, IS_BOOKED, ACCESSIBILITY_ID, TBL_TABLE_ID)
VALUES ('30', '0', '2', '5');
INSERT INTO ACCESSIBILITY_TABLE (ID, IS_BOOKED, ACCESSIBILITY_ID, TBL_TABLE_ID)
VALUES ('31', '0', '3', '5');
INSERT INTO ACCESSIBILITY_TABLE (ID, IS_BOOKED, ACCESSIBILITY_ID, TBL_TABLE_ID)
VALUES ('32', '0', '4', '5');
INSERT INTO ACCESSIBILITY_TABLE (ID, IS_BOOKED, ACCESSIBILITY_ID, TBL_TABLE_ID)
VALUES ('33', '0', '5', '5');
INSERT INTO ACCESSIBILITY_TABLE (ID, IS_BOOKED, ACCESSIBILITY_ID, TBL_TABLE_ID)
VALUES ('34', '0', '6', '5');
INSERT INTO ACCESSIBILITY_TABLE (ID, IS_BOOKED, ACCESSIBILITY_ID, TBL_TABLE_ID)
VALUES ('35', '0', '7', '5');

